Format,Matches,Innings,Runs,Balls,Highest,Average,SR,Not Out,Fours,Sixes,Ducks,50s,100s,200s,300s,400s,player_name,Country
Test,0.0,0.0,0.0,0.0,0.0,0.0,0.0,0.0,0.0,0.0,0.0,0.0,0.0,0.0,0.0,0.0,Aftab Alam,Afghanistan
ODI,27.0,17.0,80.0,107.0,16.0,11.43,74.77,10.0,9.0,3.0,3.0,0.0,0.0,0.0,0.0,0.0,Aftab Alam,Afghanistan
T20,12.0,5.0,2.0,9.0,1.0,1.0,22.23,3.0,0.0,0.0,1.0,0.0,0.0,0.0,0.0,0.0,Aftab Alam,Afghanistan
IPL,0.0,0.0,0.0,0.0,0.0,0.0,0.0,0.0,0.0,0.0,0.0,0.0,0.0,0.0,0.0,0.0,Aftab Alam,Afghanistan
Test,6.0,10.0,440.0,771.0,164.0,44.0,57.07,0.0,37.0,11.0,1.0,3.0,1.0,0.0,0.0,0.0,Asghar Afghan,Afghanistan
ODI,114.0,108.0,2424.0,3631.0,101.0,24.48,66.76,9.0,163.0,65.0,7.0,12.0,1.0,0.0,0.0,0.0,Asghar Afghan,Afghanistan
T20,75.0,68.0,1382.0,1247.0,62.0,21.94,110.83,5.0,87.0,69.0,5.0,4.0,0.0,0.0,0.0,0.0,Asghar Afghan,Afghanistan
IPL,0.0,0.0,0.0,0.0,0.0,0.0,0.0,0.0,0.0,0.0,0.0,0.0,0.0,0.0,0.0,0.0,Asghar Afghan,Afghanistan
Test,0.0,0.0,0.0,0.0,0.0,0.0,0.0,0.0,0.0,0.0,0.0,0.0,0.0,0.0,0.0,0.0,Dawlat Zadran,Afghanistan
ODI,82.0,56.0,513.0,664.0,47.0,17.1,77.26,26.0,40.0,21.0,7.0,0.0,0.0,0.0,0.0,0.0,Dawlat Zadran,Afghanistan
T20,33.0,17.0,68.0,42.0,13.0,7.56,161.91,8.0,4.0,6.0,3.0,0.0,0.0,0.0,0.0,0.0,Dawlat Zadran,Afghanistan
IPL,0.0,0.0,0.0,0.0,0.0,0.0,0.0,0.0,0.0,0.0,0.0,0.0,0.0,0.0,0.0,0.0,Dawlat Zadran,Afghanistan
Test,0.0,0.0,0.0,0.0,0.0,0.0,0.0,0.0,0.0,0.0,0.0,0.0,0.0,0.0,0.0,0.0,Gulbadin Naib,Afghanistan
ODI,89.0,78.0,1332.0,1767.0,82.0,19.88,75.39,11.0,115.0,33.0,7.0,5.0,0.0,0.0,0.0,0.0,Gulbadin Naib,Afghanistan
T20,74.0,64.0,945.0,775.0,57.0,20.54,121.94,18.0,70.0,44.0,7.0,3.0,0.0,0.0,0.0,0.0,Gulbadin Naib,Afghanistan
IPL,2.0,1.0,19.0,15.0,19.0,19.0,126.67,0.0,1.0,1.0,0.0,0.0,0.0,0.0,0.0,0.0,Gulbadin Naib,Afghanistan
Test,0.0,0.0,0.0,0.0,0.0,0.0,0.0,0.0,0.0,0.0,0.0,0.0,0.0,0.0,0.0,0.0,Hamid Hassan,Afghanistan
ODI,38.0,22.0,107.0,195.0,17.0,6.69,54.88,6.0,10.0,3.0,4.0,0.0,0.0,0.0,0.0,0.0,Hamid Hassan,Afghanistan
T20,25.0,9.0,50.0,46.0,22.0,16.67,108.7,6.0,3.0,2.0,0.0,0.0,0.0,0.0,0.0,0.0,Hamid Hassan,Afghanistan
IPL,0.0,0.0,0.0,0.0,0.0,0.0,0.0,0.0,0.0,0.0,0.0,0.0,0.0,0.0,0.0,0.0,Hamid Hassan,Afghanistan
Test,10.0,19.0,757.0,1596.0,246.0,50.47,47.44,4.0,85.0,1.0,0.0,2.0,2.0,2.0,0.0,0.0,Hashmatullah Shahidi,Afghanistan
ODI,90.0,88.0,2435.0,3614.0,97.0,33.36,67.38,15.0,209.0,13.0,6.0,22.0,0.0,0.0,0.0,0.0,Hashmatullah Shahidi,Afghanistan
T20,6.0,4.0,48.0,55.0,36.0,24.0,87.28,2.0,5.0,0.0,0.0,0.0,0.0,0.0,0.0,0.0,Hashmatullah Shahidi,Afghanistan
IPL,0.0,0.0,0.0,0.0,0.0,0.0,0.0,0.0,0.0,0.0,0.0,0.0,0.0,0.0,0.0,0.0,Hashmatullah Shahidi,Afghanistan
Test,0.0,0.0,0.0,0.0,0.0,0.0,0.0,0.0,0.0,0.0,0.0,0.0,0.0,0.0,0.0,0.0,Hazratullah Zazai,Afghanistan
ODI,16.0,16.0,361.0,409.0,67.0,22.56,88.27,0.0,38.0,17.0,1.0,2.0,0.0,0.0,0.0,0.0,Hazratullah Zazai,Afghanistan
T20,45.0,45.0,1161.0,874.0,162.0,27.64,132.84,3.0,110.0,66.0,3.0,3.0,1.0,0.0,0.0,0.0,Hazratullah Zazai,Afghanistan
IPL,0.0,0.0,0.0,0.0,0.0,0.0,0.0,0.0,0.0,0.0,0.0,0.0,0.0,0.0,0.0,0.0,Hazratullah Zazai,Afghanistan
Test,7.0,14.0,541.0,1152.0,114.0,38.64,46.97,0.0,64.0,4.0,2.0,4.0,1.0,0.0,0.0,0.0,Ibrahim Zadran,Afghanistan
ODI,36.0,36.0,1655.0,1993.0,177.0,50.15,83.05,3.0,164.0,27.0,2.0,7.0,6.0,0.0,0.0,0.0,Ibrahim Zadran,Afghanistan
T20,44.0,44.0,1105.0,1030.0,72.0,29.08,107.29,6.0,97.0,24.0,1.0,8.0,0.0,0.0,0.0,0.0,Ibrahim Zadran,Afghanistan
IPL,0.0,0.0,0.0,0.0,0.0,0.0,0.0,0.0,0.0,0.0,0.0,0.0,0.0,0.0,0.0,0.0,Ibrahim Zadran,Afghanistan
Test,3.0,6.0,33.0,68.0,24.0,5.5,48.53,0.0,4.0,1.0,3.0,0.0,0.0,0.0,0.0,0.0,Mohammad Nabi,Afghanistan
ODI,173.0,151.0,3655.0,4190.0,136.0,26.88,87.24,15.0,237.0,113.0,6.0,17.0,2.0,0.0,0.0,0.0,Mohammad Nabi,Afghanistan
T20,131.0,124.0,2237.0,1642.0,89.0,22.6,136.24,25.0,156.0,109.0,8.0,6.0,0.0,0.0,0.0,0.0,Mohammad Nabi,Afghanistan
IPL,24.0,19.0,215.0,150.0,31.0,13.44,143.34,3.0,18.0,11.0,1.0,0.0,0.0,0.0,0.0,0.0,Mohammad Nabi,Afghanistan
Test,2.0,4.0,69.0,133.0,40.0,17.25,51.88,0.0,12.0,1.0,0.0,0.0,0.0,0.0,0.0,0.0,Mohammad Shahzad,Afghanistan
ODI,84.0,84.0,2727.0,3081.0,131.0,33.67,88.52,3.0,323.0,55.0,4.0,14.0,6.0,0.0,0.0,0.0,Mohammad Shahzad,Afghanistan
T20,72.0,73.0,2048.0,1550.0,118.0,29.26,132.13,3.0,229.0,76.0,4.0,12.0,1.0,0.0,0.0,0.0,Mohammad Shahzad,Afghanistan
IPL,0.0,0.0,0.0,0.0,0.0,0.0,0.0,0.0,0.0,0.0,0.0,0.0,0.0,0.0,0.0,0.0,Mohammad Shahzad,Afghanistan
Test,1.0,2.0,18.0,17.0,15.0,9.0,105.89,0.0,2.0,1.0,0.0,0.0,0.0,0.0,0.0,0.0,Muheeb Ur Rahman,Afghanistan
ODI,75.0,40.0,236.0,262.0,64.0,9.08,90.08,14.0,25.0,9.0,12.0,1.0,0.0,0.0,0.0,0.0,Muheeb Ur Rahman,Afghanistan
T20,49.0,14.0,54.0,44.0,21.0,9.0,122.73,8.0,6.0,3.0,2.0,0.0,0.0,0.0,0.0,0.0,Muheeb Ur Rahman,Afghanistan
IPL,19.0,7.0,12.0,15.0,10.0,4.0,80.0,4.0,2.0,0.0,2.0,0.0,0.0,0.0,0.0,0.0,Muheeb Ur Rahman,Afghanistan
Test,0.0,0.0,0.0,0.0,0.0,0.0,0.0,0.0,0.0,0.0,0.0,0.0,0.0,0.0,0.0,0.0,Najibullah Zadran,Afghanistan
ODI,92.0,84.0,2060.0,2312.0,104.0,29.01,89.11,13.0,178.0,68.0,4.0,15.0,1.0,0.0,0.0,0.0,Najibullah Zadran,Afghanistan
T20,107.0,95.0,1830.0,1328.0,73.0,29.05,137.81,32.0,126.0,97.0,7.0,8.0,0.0,0.0,0.0,0.0,Najibullah Zadran,Afghanistan
IPL,0.0,0.0,0.0,0.0,0.0,0.0,0.0,0.0,0.0,0.0,0.0,0.0,0.0,0.0,0.0,0.0,Najibullah Zadran,Afghanistan
Test,2.0,4.0,117.0,281.0,47.0,29.25,41.64,0.0,14.0,0.0,0.0,0.0,0.0,0.0,0.0,0.0,Noor Ali Zadran,Afghanistan
ODI,51.0,50.0,1216.0,1924.0,114.0,24.32,63.21,0.0,132.0,4.0,4.0,7.0,1.0,0.0,0.0,0.0,Noor Ali Zadran,Afghanistan
T20,22.0,23.0,597.0,586.0,63.0,27.14,101.88,1.0,55.0,9.0,1.0,4.0,0.0,0.0,0.0,0.0,Noor Ali Zadran,Afghanistan
IPL,0.0,0.0,0.0,0.0,0.0,0.0,0.0,0.0,0.0,0.0,0.0,0.0,0.0,0.0,0.0,0.0,Noor Ali Zadran,Afghanistan
Test,11.0,21.0,970.0,1820.0,234.0,46.19,53.3,0.0,117.0,6.0,4.0,5.0,3.0,1.0,0.0,0.0,Rahmat Shah,Afghanistan
ODI,123.0,118.0,3976.0,5579.0,114.0,35.19,71.27,5.0,344.0,40.0,5.0,31.0,5.0,0.0,0.0,0.0,Rahmat Shah,Afghanistan
T20,1.0,1.0,3.0,6.0,3.0,3.0,50.0,0.0,0.0,0.0,0.0,0.0,0.0,0.0,0.0,0.0,Rahmat Shah,Afghanistan
IPL,0.0,0.0,0.0,0.0,0.0,0.0,0.0,0.0,0.0,0.0,0.0,0.0,0.0,0.0,0.0,0.0,Rahmat Shah,Afghanistan
Test,6.0,9.0,154.0,180.0,51.0,17.11,85.56,0.0,18.0,4.0,0.0,1.0,0.0,0.0,0.0,0.0,Rashid Khan,Afghanistan
ODI,114.0,87.0,1384.0,1320.0,60.0,19.49,104.85,16.0,120.0,49.0,8.0,5.0,0.0,0.0,0.0,0.0,Rashid Khan,Afghanistan
T20,96.0,59.0,467.0,370.0,48.0,13.74,126.22,25.0,31.0,28.0,7.0,0.0,0.0,0.0,0.0,0.0,Rashid Khan,Afghanistan
IPL,122.0,60.0,545.0,337.0,79.0,14.73,161.73,23.0,39.0,38.0,15.0,1.0,0.0,0.0,0.0,0.0,Rashid Khan,Afghanistan
Test,0.0,0.0,0.0,0.0,0.0,0.0,0.0,0.0,0.0,0.0,0.0,0.0,0.0,0.0,0.0,0.0,Samiullah Shinwari,Afghanistan
ODI,84.0,74.0,1811.0,2765.0,96.0,29.21,65.5,12.0,137.0,26.0,1.0,11.0,0.0,0.0,0.0,0.0,Samiullah Shinwari,Afghanistan
T20,64.0,56.0,1013.0,858.0,61.0,22.02,118.07,10.0,76.0,37.0,2.0,2.0,0.0,0.0,0.0,0.0,Samiullah Shinwari,Afghanistan
IPL,0.0,0.0,0.0,0.0,0.0,0.0,0.0,0.0,0.0,0.0,0.0,0.0,0.0,0.0,0.0,0.0,Samiullah Shinwari,Afghanistan
Test,16.0,24.0,700.0,1278.0,130.0,30.43,54.78,1.0,77.0,6.0,4.0,3.0,2.0,0.0,0.0,0.0,Eoin Morgan,England
ODI,248.0,230.0,7701.0,8447.0,148.0,39.09,91.17,33.0,654.0,220.0,18.0,47.0,14.0,0.0,0.0,0.0,Eoin Morgan,England
T20,115.0,106.0,2458.0,1805.0,91.0,28.58,136.18,20.0,186.0,120.0,3.0,14.0,0.0,0.0,0.0,0.0,Eoin Morgan,England
IPL,83.0,75.0,1405.0,1146.0,68.0,22.66,122.61,13.0,112.0,64.0,6.0,5.0,0.0,0.0,0.0,0.0,Eoin Morgan,England
Test,152.0,278.0,12972.0,22568.0,262.0,50.87,57.48,23.0,1394.0,45.0,13.0,65.0,36.0,6.0,0.0,0.0,Joe Root,England
ODI,177.0,166.0,6859.0,7881.0,133.0,47.97,87.04,23.0,548.0,51.0,9.0,41.0,17.0,0.0,0.0,0.0,Joe Root,England
T20,32.0,30.0,893.0,707.0,90.0,35.72,126.31,5.0,92.0,16.0,2.0,5.0,0.0,0.0,0.0,0.0,Joe Root,England
IPL,3.0,1.0,10.0,15.0,10.0,10.0,66.67,0.0,1.0,0.0,0.0,0.0,0.0,0.0,0.0,0.0,Joe Root,England
Test,5.0,10.0,187.0,318.0,72.0,18.7,58.81,0.0,26.0,1.0,1.0,1.0,0.0,0.0,0.0,0.0,Jason Roy,England
ODI,116.0,110.0,4271.0,4047.0,180.0,39.92,105.54,3.0,511.0,81.0,11.0,21.0,12.0,0.0,0.0,0.0,Jason Roy,England
T20,64.0,64.0,1522.0,1106.0,78.0,23.78,137.62,0.0,153.0,69.0,7.0,8.0,0.0,0.0,0.0,0.0,Jason Roy,England
IPL,21.0,21.0,614.0,443.0,91.0,32.32,138.61,2.0,75.0,21.0,0.0,4.0,0.0,0.0,0.0,0.0,Jason Roy,England
Test,22.0,39.0,1074.0,2622.0,140.0,27.54,40.97,0.0,146.0,1.0,2.0,9.0,1.0,0.0,0.0,0.0,Dawid Malan,England
ODI,30.0,30.0,1450.0,1488.0,140.0,55.77,97.45,4.0,150.0,32.0,5.0,7.0,6.0,0.0,0.0,0.0,Dawid Malan,England
T20,62.0,60.0,1892.0,1428.0,103.0,36.38,132.5,8.0,194.0,62.0,2.0,16.0,1.0,0.0,0.0,0.0,Dawid Malan,England
IPL,1.0,1.0,26.0,26.0,26.0,26.0,100.0,0.0,1.0,1.0,0.0,0.0,0.0,0.0,0.0,0.0,Dawid Malan,England
Test,68.0,118.0,3094.0,5973.0,155.0,28.13,51.8,8.0,375.0,34.0,15.0,15.0,5.0,0.0,0.0,0.0,Moeen Ali,England
ODI,138.0,112.0,2355.0,2398.0,128.0,24.28,98.21,15.0,203.0,78.0,6.0,6.0,3.0,0.0,0.0,0.0,Moeen Ali,England
T20,92.0,75.0,1229.0,863.0,72.0,21.19,142.42,17.0,88.0,68.0,9.0,7.0,0.0,0.0,0.0,0.0,Moeen Ali,England
IPL,67.0,57.0,1162.0,821.0,93.0,22.78,141.54,6.0,95.0,67.0,5.0,6.0,0.0,0.0,0.0,0.0,Moeen Ali,England
Test,110.0,198.0,6719.0,11251.0,258.0,35.55,59.72,9.0,779.0,133.0,15.0,35.0,13.0,1.0,0.0,0.0,Ben Stokes,England
ODI,114.0,99.0,3463.0,3619.0,182.0,41.23,95.69,15.0,282.0,109.0,7.0,24.0,5.0,0.0,0.0,0.0,Ben Stokes,England
T20,43.0,36.0,585.0,457.0,52.0,21.67,128.01,9.0,42.0,22.0,1.0,1.0,0.0,0.0,0.0,0.0,Ben Stokes,England
IPL,45.0,44.0,935.0,698.0,107.0,24.61,133.96,6.0,81.0,32.0,3.0,2.0,2.0,0.0,0.0,0.0,Ben Stokes,England
Test,1.0,2.0,16.0,18.0,9.0,16.0,88.89,1.0,0.0,1.0,0.0,0.0,0.0,0.0,0.0,0.0,Liam Livingstone,England
ODI,39.0,36.0,932.0,862.0,124.0,31.07,108.13,6.0,58.0,50.0,4.0,4.0,1.0,0.0,0.0,0.0,Liam Livingstone,England
T20,60.0,47.0,955.0,641.0,103.0,25.13,148.99,9.0,54.0,59.0,3.0,2.0,1.0,0.0,0.0,0.0,Liam Livingstone,England
IPL,40.0,40.0,954.0,583.0,94.0,28.91,163.64,7.0,68.0,67.0,1.0,6.0,0.0,0.0,0.0,0.0,Liam Livingstone,England
Test,57.0,92.0,1970.0,3688.0,137.0,26.27,53.42,17.0,250.0,7.0,10.0,7.0,1.0,0.0,0.0,0.0,Chris Woakes,England
ODI,122.0,88.0,1524.0,1710.0,95.0,23.81,89.13,24.0,118.0,21.0,8.0,6.0,0.0,0.0,0.0,0.0,Chris Woakes,England
T20,33.0,17.0,146.0,117.0,37.0,16.22,124.79,8.0,9.0,7.0,2.0,0.0,0.0,0.0,0.0,0.0,Chris Woakes,England
IPL,21.0,12.0,78.0,77.0,18.0,13.0,101.3,6.0,7.0,2.0,0.0,0.0,0.0,0.0,0.0,0.0,Chris Woakes,England
Test,2.0,3.0,66.0,120.0,39.0,33.0,55.0,1.0,12.0,0.0,0.0,0.0,0.0,0.0,0.0,0.0,Tom Curran,England
ODI,28.0,17.0,303.0,321.0,47.0,37.88,94.4,9.0,29.0,5.0,2.0,0.0,0.0,0.0,0.0,0.0,Tom Curran,England
T20,30.0,13.0,64.0,56.0,14.0,10.67,114.29,7.0,1.0,4.0,0.0,0.0,0.0,0.0,0.0,0.0,Tom Curran,England
IPL,13.0,10.0,127.0,107.0,54.0,25.4,118.7,5.0,10.0,3.0,0.0,1.0,0.0,0.0,0.0,0.0,Tom Curran,England
Test,0.0,0.0,0.0,0.0,0.0,0.0,0.0,0.0,0.0,0.0,0.0,0.0,0.0,0.0,0.0,0.0,Lewis Gregory,England
ODI,3.0,2.0,117.0,116.0,77.0,58.5,100.87,0.0,10.0,3.0,0.0,1.0,0.0,0.0,0.0,0.0,Lewis Gregory,England
T20,9.0,7.0,45.0,41.0,15.0,7.5,109.76,1.0,2.0,2.0,1.0,0.0,0.0,0.0,0.0,0.0,Lewis Gregory,England
IPL,0.0,0.0,0.0,0.0,0.0,0.0,0.0,0.0,0.0,0.0,0.0,0.0,0.0,0.0,0.0,0.0,Lewis Gregory,England
Test,24.0,38.0,815.0,1271.0,78.0,24.7,64.13,5.0,96.0,21.0,7.0,3.0,0.0,0.0,0.0,0.0,Sam Curran,England
ODI,35.0,27.0,597.0,649.0,95.0,24.88,91.99,3.0,37.0,22.0,1.0,2.0,0.0,0.0,0.0,0.0,Sam Curran,England
T20,58.0,34.0,356.0,286.0,50.0,14.24,124.48,9.0,21.0,15.0,0.0,1.0,0.0,0.0,0.0,0.0,Sam Curran,England
IPL,60.0,49.0,887.0,656.0,63.0,24.64,135.22,13.0,74.0,37.0,4.0,5.0,0.0,0.0,0.0,0.0,Sam Curran,England
Test,100.0,178.0,6042.0,10228.0,167.0,36.4,59.08,12.0,721.0,56.0,17.0,26.0,12.0,0.0,0.0,0.0,Jonny Bairstow,England
ODI,107.0,98.0,3868.0,3758.0,141.0,42.98,102.93,8.0,437.0,92.0,9.0,17.0,11.0,0.0,0.0,0.0,Jonny Bairstow,England
T20,80.0,72.0,1671.0,1215.0,90.0,29.84,137.54,16.0,148.0,76.0,6.0,10.0,0.0,0.0,0.0,0.0,Jonny Bairstow,England
IPL,50.0,50.0,1589.0,1100.0,114.0,34.54,144.46,4.0,166.0,69.0,3.0,9.0,2.0,0.0,0.0,0.0,Jonny Bairstow,England
Test,57.0,100.0,2907.0,5365.0,152.0,31.95,54.19,9.0,339.0,33.0,9.0,18.0,2.0,0.0,0.0,0.0,Jos Buttler,England
ODI,187.0,160.0,5196.0,4506.0,162.0,39.07,115.32,27.0,414.0,173.0,14.0,27.0,11.0,0.0,0.0,0.0,Jos Buttler,England
T20,134.0,123.0,3535.0,2411.0,101.0,35.35,146.62,23.0,322.0,152.0,8.0,26.0,1.0,0.0,0.0,0.0,Jos Buttler,England
IPL,108.0,107.0,3636.0,2461.0,124.0,38.27,147.75,12.0,359.0,163.0,7.0,20.0,7.0,0.0,0.0,0.0,Jos Buttler,England
Test,3.0,3.0,66.0,114.0,36.0,22.0,57.9,0.0,10.0,0.0,0.0,0.0,0.0,0.0,0.0,0.0,Sam Billings,England
ODI,28.0,23.0,702.0,771.0,118.0,33.43,91.06,2.0,74.0,8.0,1.0,5.0,1.0,0.0,0.0,0.0,Sam Billings,England
T20,37.0,33.0,478.0,368.0,87.0,17.07,129.9,5.0,41.0,16.0,1.0,2.0,0.0,0.0,0.0,0.0,Sam Billings,England
IPL,30.0,27.0,503.0,388.0,56.0,19.35,129.64,1.0,40.0,20.0,3.0,3.0,0.0,0.0,0.0,0.0,Sam Billings,England
Test,19.0,33.0,540.0,1270.0,61.0,19.29,42.52,5.0,62.0,4.0,3.0,2.0,0.0,0.0,0.0,0.0,Adil Rashid,England
ODI,149.0,79.0,934.0,971.0,69.0,17.3,96.19,25.0,91.0,13.0,8.0,1.0,0.0,0.0,0.0,0.0,Adil Rashid,England
T20,124.0,41.0,155.0,175.0,22.0,7.38,88.58,20.0,12.0,1.0,3.0,0.0,0.0,0.0,0.0,0.0,Adil Rashid,England
IPL,3.0,2.0,22.0,16.0,18.0,11.0,137.5,0.0,2.0,1.0,0.0,0.0,0.0,0.0,0.0,0.0,Adil Rashid,England
Test,13.0,20.0,155.0,306.0,30.0,7.75,50.66,0.0,22.0,1.0,3.0,0.0,0.0,0.0,0.0,0.0,Jofra Archer,England
ODI,31.0,18.0,162.0,150.0,38.0,18.0,108.0,9.0,18.0,5.0,2.0,0.0,0.0,0.0,0.0,0.0,Jofra Archer,England
T20,34.0,12.0,82.0,62.0,21.0,11.71,132.26,5.0,6.0,4.0,3.0,0.0,0.0,0.0,0.0,0.0,Jofra Archer,England
IPL,41.0,26.0,200.0,129.0,27.0,15.38,155.04,13.0,11.0,14.0,3.0,0.0,0.0,0.0,0.0,0.0,Jofra Archer,England
Test,5.0,10.0,102.0,234.0,20.0,11.33,43.59,1.0,12.0,1.0,2.0,0.0,0.0,0.0,0.0,0.0,Olly Stone,England
ODI,10.0,6.0,24.0,35.0,9.0,8.0,68.58,3.0,2.0,0.0,0.0,0.0,0.0,0.0,0.0,0.0,Olly Stone,England
T20,1.0,1.0,0.0,1.0,0.0,0.0,0.0,0.0,0.0,0.0,1.0,0.0,0.0,0.0,0.0,0.0,Olly Stone,England
IPL,0.0,0.0,0.0,0.0,0.0,0.0,0.0,0.0,0.0,0.0,0.0,0.0,0.0,0.0,0.0,0.0,Olly Stone,England
Test,0.0,0.0,0.0,0.0,0.0,0.0,0.0,0.0,0.0,0.0,0.0,0.0,0.0,0.0,0.0,0.0,Reece Topley,England
ODI,30.0,14.0,35.0,70.0,15.0,11.67,50.0,11.0,3.0,1.0,1.0,0.0,0.0,0.0,0.0,0.0,Reece Topley,England
T20,35.0,10.0,17.0,20.0,9.0,8.5,85.0,8.0,1.0,0.0,1.0,0.0,0.0,0.0,0.0,0.0,Reece Topley,England
IPL,5.0,1.0,3.0,6.0,3.0,0.0,50.0,1.0,0.0,0.0,0.0,0.0,0.0,0.0,0.0,0.0,Reece Topley,England
Test,8.0,11.0,180.0,320.0,35.0,18.0,56.25,1.0,24.0,1.0,0.0,0.0,0.0,0.0,0.0,0.0,Chris Jordan,England
ODI,35.0,24.0,184.0,211.0,38.0,12.27,87.21,9.0,12.0,5.0,3.0,0.0,0.0,0.0,0.0,0.0,Chris Jordan,England
T20,95.0,57.0,439.0,340.0,36.0,13.72,129.12,25.0,31.0,21.0,3.0,0.0,0.0,0.0,0.0,0.0,Chris Jordan,England
IPL,34.0,13.0,81.0,77.0,30.0,8.1,105.2,3.0,3.0,3.0,1.0,0.0,0.0,0.0,0.0,0.0,Chris Jordan,England
Test,123.0,210.0,9230.0,16608.0,254.0,46.85,55.58,13.0,1027.0,30.0,15.0,31.0,30.0,7.0,0.0,0.0,Virat Kohli,India
ODI,302.0,290.0,14181.0,15192.0,183.0,57.88,93.35,45.0,1325.0,153.0,16.0,74.0,51.0,0.0,0.0,0.0,Virat Kohli,India
T20,125.0,117.0,4188.0,3056.0,122.0,48.7,137.05,31.0,369.0,124.0,7.0,38.0,1.0,0.0,0.0,0.0,Virat Kohli,India
IPL,253.0,245.0,8063.0,6101.0,113.0,38.95,132.16,38.0,709.0,275.0,10.0,56.0,8.0,0.0,0.0,0.0,Virat Kohli,India
Test,67.0,116.0,4302.0,7538.0,212.0,40.58,57.08,10.0,473.0,88.0,6.0,18.0,12.0,1.0,0.0,0.0,Rohit Sharma,India
ODI,273.0,265.0,11168.0,12034.0,264.0,48.77,92.81,36.0,1044.0,344.0,16.0,58.0,32.0,3.0,0.0,0.0,Rohit Sharma,India
T20,159.0,151.0,4231.0,3003.0,121.0,31.34,140.9,16.0,383.0,205.0,12.0,32.0,5.0,0.0,0.0,0.0,Rohit Sharma,India
IPL,258.0,253.0,6628.0,5058.0,109.0,29.59,131.04,29.0,599.0,280.0,18.0,43.0,2.0,0.0,0.0,0.0,Rohit Sharma,India
Test,34.0,58.0,2315.0,3458.0,190.0,40.61,66.95,1.0,316.0,12.0,4.0,5.0,7.0,0.0,0.0,0.0,Shikhar Dhawan,India
ODI,167.0,164.0,6793.0,7436.0,143.0,44.11,91.36,10.0,842.0,79.0,5.0,39.0,17.0,0.0,0.0,0.0,Shikhar Dhawan,India
T20,68.0,66.0,1759.0,1392.0,92.0,27.92,126.37,3.0,191.0,50.0,2.0,11.0,0.0,0.0,0.0,0.0,Shikhar Dhawan,India
IPL,222.0,221.0,6768.0,5324.0,106.0,35.07,127.13,28.0,768.0,152.0,12.0,51.0,2.0,0.0,0.0,0.0,Shikhar Dhawan,India
Test,32.0,59.0,1893.0,3159.0,128.0,35.06,59.93,5.0,210.0,31.0,5.0,7.0,5.0,0.0,0.0,0.0,Shubman Gill,India
ODI,55.0,55.0,2775.0,2787.0,208.0,59.04,99.57,8.0,314.0,59.0,1.0,15.0,8.0,1.0,0.0,0.0,Shubman Gill,India
T20,21.0,21.0,578.0,415.0,126.0,30.42,139.28,2.0,60.0,22.0,1.0,3.0,1.0,0.0,0.0,0.0,Shubman Gill,India
IPL,104.0,101.0,3249.0,2384.0,129.0,37.78,136.29,15.0,312.0,98.0,4.0,20.0,4.0,0.0,0.0,0.0,Shubman Gill,India
Test,14.0,24.0,811.0,1287.0,105.0,36.86,63.02,2.0,94.0,16.0,2.0,5.0,1.0,0.0,0.0,0.0,Shreyas Iyer,India
ODI,70.0,65.0,2845.0,2845.0,128.0,48.22,100.0,6.0,262.0,72.0,1.0,22.0,5.0,0.0,0.0,0.0,Shreyas Iyer,India
T20,51.0,47.0,1104.0,811.0,74.0,30.67,136.13,11.0,90.0,44.0,4.0,8.0,0.0,0.0,0.0,0.0,Shreyas Iyer,India
IPL,116.0,116.0,3224.0,2495.0,97.0,33.24,129.22,19.0,276.0,122.0,6.0,22.0,0.0,0.0,0.0,0.0,Shreyas Iyer,India
Test,0.0,0.0,0.0,0.0,0.0,0.0,0.0,0.0,0.0,0.0,0.0,0.0,0.0,0.0,0.0,0.0,Manish Pandey,India
ODI,29.0,24.0,566.0,625.0,104.0,33.29,90.56,7.0,45.0,5.0,2.0,2.0,1.0,0.0,0.0,0.0,Manish Pandey,India
T20,39.0,33.0,709.0,562.0,79.0,44.31,126.16,17.0,49.0,19.0,2.0,3.0,0.0,0.0,0.0,0.0,Manish Pandey,India
IPL,171.0,159.0,3850.0,3179.0,114.0,29.17,121.11,27.0,334.0,110.0,14.0,22.0,1.0,0.0,0.0,0.0,Manish Pandey,India
Test,21.0,36.0,1488.0,2782.0,243.0,41.33,53.49,0.0,189.0,28.0,1.0,6.0,4.0,2.0,0.0,0.0,Mayank Agarwal,India
ODI,5.0,5.0,86.0,83.0,32.0,17.2,103.62,0.0,12.0,1.0,0.0,0.0,0.0,0.0,0.0,0.0,Mayank Agarwal,India
T20,0.0,0.0,0.0,0.0,0.0,0.0,0.0,0.0,0.0,0.0,0.0,0.0,0.0,0.0,0.0,0.0,Mayank Agarwal,India
IPL,127.0,121.0,2665.0,2000.0,106.0,22.78,133.25,4.0,264.0,98.0,7.0,13.0,1.0,0.0,0.0,0.0,Mayank Agarwal,India
Test,5.0,9.0,339.0,394.0,134.0,42.38,86.05,1.0,48.0,2.0,1.0,2.0,1.0,0.0,0.0,0.0,Prithvi Shaw,India
ODI,6.0,6.0,189.0,166.0,49.0,31.5,113.86,0.0,32.0,2.0,0.0,0.0,0.0,0.0,0.0,0.0,Prithvi Shaw,India
T20,1.0,1.0,0.0,1.0,0.0,0.0,0.0,0.0,0.0,0.0,1.0,0.0,0.0,0.0,0.0,0.0,Prithvi Shaw,India
IPL,79.0,79.0,1892.0,1283.0,99.0,23.95,147.47,0.0,238.0,61.0,7.0,14.0,0.0,0.0,0.0,0.0,Prithvi Shaw,India
Test,103.0,176.0,7195.0,16217.0,206.0,43.61,44.37,11.0,863.0,16.0,12.0,35.0,19.0,3.0,0.0,0.0,Cheteshwar Pujara,India
ODI,5.0,5.0,51.0,130.0,27.0,10.2,39.24,0.0,4.0,0.0,2.0,0.0,0.0,0.0,0.0,0.0,Cheteshwar Pujara,India
T20,0.0,0.0,0.0,0.0,0.0,0.0,0.0,0.0,0.0,0.0,0.0,0.0,0.0,0.0,0.0,0.0,Cheteshwar Pujara,India
IPL,30.0,22.0,390.0,391.0,51.0,20.53,99.75,3.0,50.0,4.0,1.0,1.0,0.0,0.0,0.0,0.0,Cheteshwar Pujara,India
Test,85.0,144.0,5077.0,10256.0,188.0,38.46,49.51,12.0,579.0,35.0,10.0,26.0,12.0,0.0,0.0,0.0,Ajinkya Rahane,India
ODI,90.0,87.0,2962.0,3767.0,111.0,35.26,78.64,3.0,293.0,33.0,6.0,24.0,3.0,0.0,0.0,0.0,Ajinkya Rahane,India
T20,20.0,20.0,375.0,331.0,61.0,20.83,113.3,2.0,32.0,6.0,2.0,1.0,0.0,0.0,0.0,0.0,Ajinkya Rahane,India
IPL,186.0,172.0,4698.0,3792.0,105.0,30.31,123.9,17.0,484.0,107.0,13.0,31.0,2.0,0.0,0.0,0.0,Ajinkya Rahane,India
Test,0.0,0.0,0.0,0.0,0.0,0.0,0.0,0.0,0.0,0.0,0.0,0.0,0.0,0.0,0.0,0.0,Ruturaj Gaikwad,India
ODI,6.0,6.0,115.0,157.0,71.0,19.17,73.25,0.0,16.0,0.0,0.0,1.0,0.0,0.0,0.0,0.0,Ruturaj Gaikwad,India
T20,23.0,20.0,633.0,441.0,123.0,39.56,143.54,4.0,65.0,24.0,1.0,4.0,1.0,0.0,0.0,0.0,Ruturaj Gaikwad,India
IPL,67.0,66.0,2433.0,1765.0,108.0,41.95,137.85,8.0,223.0,94.0,6.0,19.0,2.0,0.0,0.0,0.0,Ruturaj Gaikwad,India
Test,11.0,18.0,532.0,720.0,108.0,31.29,73.89,1.0,68.0,12.0,2.0,4.0,1.0,0.0,0.0,0.0,Hardik Pandya,India
ODI,94.0,68.0,1904.0,1717.0,92.0,32.83,110.9,10.0,141.0,76.0,4.0,11.0,0.0,0.0,0.0,0.0,Hardik Pandya,India
T20,114.0,90.0,1812.0,1279.0,71.0,27.88,141.68,25.0,135.0,95.0,3.0,5.0,0.0,0.0,0.0,0.0,Hardik Pandya,India
IPL,137.0,128.0,2525.0,1734.0,91.0,28.69,145.62,40.0,189.0,136.0,6.0,10.0,0.0,0.0,0.0,0.0,Hardik Pandya,India
Test,16.0,28.0,839.0,1988.0,111.0,33.56,42.21,3.0,107.0,2.0,1.0,5.0,1.0,0.0,0.0,0.0,Hanuma Vihari,India
ODI,0.0,0.0,0.0,0.0,0.0,0.0,0.0,0.0,0.0,0.0,0.0,0.0,0.0,0.0,0.0,0.0,Hanuma Vihari,India
T20,0.0,0.0,0.0,0.0,0.0,0.0,0.0,0.0,0.0,0.0,0.0,0.0,0.0,0.0,0.0,0.0,Hanuma Vihari,India
IPL,24.0,23.0,284.0,321.0,46.0,14.2,88.48,3.0,23.0,1.0,0.0,0.0,0.0,0.0,0.0,0.0,Hanuma Vihari,India
Test,80.0,118.0,3370.0,6100.0,175.0,34.74,55.25,21.0,330.0,69.0,8.0,22.0,4.0,0.0,0.0,0.0,Ravindra Jadeja,India
ODI,204.0,137.0,2806.0,3284.0,87.0,32.63,85.45,51.0,205.0,54.0,6.0,13.0,0.0,0.0,0.0,0.0,Ravindra Jadeja,India
T20,74.0,41.0,515.0,405.0,46.0,21.46,127.17,17.0,39.0,14.0,3.0,0.0,0.0,0.0,0.0,0.0,Ravindra Jadeja,India
IPL,241.0,185.0,2976.0,2299.0,62.0,27.3,129.45,76.0,216.0,107.0,8.0,3.0,0.0,0.0,0.0,0.0,Ravindra Jadeja,India
Test,11.0,18.0,331.0,522.0,67.0,19.47,63.41,1.0,41.0,9.0,3.0,4.0,0.0,0.0,0.0,0.0,Shardul Thakur,India
ODI,47.0,25.0,329.0,313.0,50.0,17.32,105.12,6.0,31.0,9.0,1.0,1.0,0.0,0.0,0.0,0.0,Shardul Thakur,India
T20,25.0,6.0,69.0,38.0,22.0,23.0,181.58,3.0,5.0,4.0,2.0,0.0,0.0,0.0,0.0,0.0,Shardul Thakur,India
IPL,96.0,38.0,307.0,223.0,68.0,11.81,137.67,12.0,27.0,13.0,8.0,1.0,0.0,0.0,0.0,0.0,Shardul Thakur,India
Test,106.0,151.0,3503.0,6423.0,124.0,25.76,54.54,15.0,399.0,23.0,9.0,14.0,6.0,0.0,0.0,0.0,Ravichandran Ashwin,India
ODI,116.0,63.0,707.0,813.0,65.0,16.44,86.97,20.0,60.0,7.0,6.0,1.0,0.0,0.0,0.0,0.0,Ravichandran Ashwin,India
T20,65.0,19.0,184.0,160.0,31.0,26.29,115.0,12.0,17.0,4.0,0.0,0.0,0.0,0.0,0.0,0.0,Ravichandran Ashwin,India
IPL,212.0,94.0,800.0,675.0,50.0,13.33,118.52,34.0,61.0,28.0,12.0,1.0,0.0,0.0,0.0,0.0,Ravichandran Ashwin,India
Test,58.0,101.0,3257.0,6168.0,199.0,33.58,52.81,4.0,386.0,26.0,9.0,17.0,8.0,0.0,0.0,0.0,KL Rahul,India
ODI,85.0,79.0,3043.0,3451.0,112.0,49.08,88.18,17.0,235.0,67.0,3.0,18.0,7.0,0.0,0.0,0.0,KL Rahul,India
T20,72.0,68.0,2265.0,1628.0,110.0,37.75,139.13,8.0,191.0,99.0,5.0,22.0,2.0,0.0,0.0,0.0,KL Rahul,India
IPL,132.0,123.0,4683.0,3479.0,132.0,45.47,134.61,20.0,400.0,187.0,4.0,37.0,4.0,0.0,0.0,0.0,KL Rahul,India
Test,0.0,0.0,0.0,0.0,0.0,0.0,0.0,0.0,0.0,0.0,0.0,0.0,0.0,0.0,0.0,0.0,Sanju Samson,India
ODI,16.0,14.0,510.0,512.0,108.0,56.67,99.61,5.0,34.0,22.0,0.0,3.0,1.0,0.0,0.0,0.0,Sanju Samson,India
T20,42.0,38.0,861.0,565.0,111.0,25.32,152.39,4.0,71.0,49.0,6.0,2.0,3.0,0.0,0.0,0.0,Sanju Samson,India
IPL,168.0,164.0,4485.0,3217.0,119.0,30.93,139.42,19.0,359.0,210.0,11.0,26.0,3.0,0.0,0.0,0.0,Sanju Samson,India
Test,40.0,56.0,1353.0,2973.0,117.0,29.41,45.51,10.0,129.0,14.0,6.0,6.0,3.0,0.0,0.0,0.0,Wriddhiman Saha,India
ODI,9.0,5.0,41.0,56.0,16.0,13.67,73.22,2.0,5.0,0.0,0.0,0.0,0.0,0.0,0.0,0.0,Wriddhiman Saha,India
T20,0.0,0.0,0.0,0.0,0.0,0.0,0.0,0.0,0.0,0.0,0.0,0.0,0.0,0.0,0.0,0.0,Wriddhiman Saha,India
IPL,170.0,145.0,2934.0,2300.0,115.0,24.25,127.57,24.0,296.0,87.0,7.0,13.0,1.0,0.0,0.0,0.0,Wriddhiman Saha,India
Test,43.0,75.0,2948.0,4005.0,159.0,42.11,73.61,5.0,321.0,73.0,3.0,15.0,6.0,0.0,0.0,0.0,Rishabh Pant,India
ODI,31.0,27.0,871.0,820.0,125.0,33.5,106.22,1.0,91.0,26.0,3.0,5.0,1.0,0.0,0.0,0.0,Rishabh Pant,India
T20,76.0,66.0,1209.0,949.0,65.0,23.25,127.4,14.0,111.0,44.0,4.0,3.0,0.0,0.0,0.0,0.0,Rishabh Pant,India
IPL,112.0,111.0,3284.0,2211.0,128.0,34.94,148.54,17.0,296.0,154.0,5.0,18.0,1.0,0.0,0.0,0.0,Rishabh Pant,India
Test,64.0,89.0,750.0,1005.0,56.0,11.9,74.63,26.0,83.0,25.0,18.0,2.0,0.0,0.0,0.0,0.0,Mohammed Shami,India
ODI,108.0,49.0,225.0,273.0,25.0,7.76,82.42,20.0,17.0,9.0,6.0,0.0,0.0,0.0,0.0,0.0,Mohammed Shami,India
T20,25.0,5.0,7.0,10.0,7.0,3.5,70.0,3.0,0.0,1.0,1.0,0.0,0.0,0.0,0.0,0.0,Mohammed Shami,India
IPL,111.0,25.0,74.0,79.0,21.0,5.69,93.68,12.0,6.0,2.0,4.0,0.0,0.0,0.0,0.0,0.0,Mohammed Shami,India
Test,45.0,69.0,332.0,741.0,34.0,7.06,44.81,22.0,35.0,11.0,25.0,0.0,0.0,0.0,0.0,0.0,Jasprit Bumrah,India
ODI,89.0,26.0,91.0,159.0,16.0,7.58,57.24,14.0,10.0,1.0,5.0,0.0,0.0,0.0,0.0,0.0,Jasprit Bumrah,India
T20,70.0,8.0,8.0,14.0,7.0,2.67,57.15,5.0,1.0,0.0,2.0,0.0,0.0,0.0,0.0,0.0,Jasprit Bumrah,India
IPL,133.0,30.0,68.0,78.0,16.0,9.71,87.18,23.0,5.0,1.0,5.0,0.0,0.0,0.0,0.0,0.0,Jasprit Bumrah,India
Test,13.0,17.0,199.0,698.0,40.0,13.27,28.52,2.0,18.0,1.0,4.0,0.0,0.0,0.0,0.0,0.0,Kuldeep Yadav,India
ODI,113.0,42.0,207.0,407.0,19.0,9.86,50.86,21.0,14.0,0.0,3.0,0.0,0.0,0.0,0.0,0.0,Kuldeep Yadav,India
T20,40.0,7.0,46.0,59.0,23.0,11.5,77.97,3.0,2.0,0.0,2.0,0.0,0.0,0.0,0.0,0.0,Kuldeep Yadav,India
IPL,85.0,34.0,188.0,221.0,35.0,14.46,85.07,21.0,17.0,3.0,5.0,0.0,0.0,0.0,0.0,0.0,Kuldeep Yadav,India
Test,0.0,0.0,0.0,0.0,0.0,0.0,0.0,0.0,0.0,0.0,0.0,0.0,0.0,0.0,0.0,0.0,Yuzvendra Chahal,India
ODI,72.0,14.0,77.0,141.0,18.0,8.56,54.61,5.0,8.0,0.0,1.0,0.0,0.0,0.0,0.0,0.0,Yuzvendra Chahal,India
T20,80.0,6.0,6.0,13.0,3.0,3.0,46.16,4.0,0.0,0.0,0.0,0.0,0.0,0.0,0.0,0.0,Yuzvendra Chahal,India
IPL,161.0,20.0,37.0,86.0,8.0,5.29,43.03,13.0,0.0,0.0,1.0,0.0,0.0,0.0,0.0,0.0,Yuzvendra Chahal,India
Test,2.0,3.0,8.0,27.0,5.0,4.0,29.63,1.0,1.0,0.0,0.0,0.0,0.0,0.0,0.0,0.0,Navdeep Saini,India
ODI,8.0,5.0,107.0,137.0,45.0,53.5,78.11,3.0,9.0,3.0,0.0,0.0,0.0,0.0,0.0,0.0,Navdeep Saini,India
T20,11.0,3.0,12.0,11.0,11.0,0.0,109.1,3.0,2.0,0.0,0.0,0.0,0.0,0.0,0.0,0.0,Navdeep Saini,India
IPL,32.0,7.0,33.0,37.0,12.0,8.25,89.19,3.0,3.0,0.0,0.0,0.0,0.0,0.0,0.0,0.0,Navdeep Saini,India
Test,57.0,68.0,460.0,883.0,31.0,11.22,52.1,27.0,42.0,24.0,9.0,0.0,0.0,0.0,0.0,0.0,Umesh Yadav,India
ODI,75.0,24.0,79.0,134.0,18.0,7.9,58.96,14.0,8.0,1.0,4.0,0.0,0.0,0.0,0.0,0.0,Umesh Yadav,India
T20,9.0,2.0,22.0,21.0,20.0,22.0,104.77,1.0,2.0,0.0,0.0,0.0,0.0,0.0,0.0,0.0,Umesh Yadav,India
IPL,148.0,52.0,208.0,201.0,24.0,9.9,103.49,31.0,16.0,9.0,8.0,0.0,0.0,0.0,0.0,0.0,Umesh Yadav,India
Test,36.0,49.0,131.0,356.0,16.0,4.85,36.8,22.0,14.0,2.0,11.0,0.0,0.0,0.0,0.0,0.0,Mohammed Siraj,India
ODI,44.0,17.0,55.0,129.0,9.0,7.86,42.64,10.0,3.0,0.0,1.0,0.0,0.0,0.0,0.0,0.0,Mohammed Siraj,India
T20,16.0,5.0,14.0,16.0,7.0,7.0,87.5,3.0,1.0,0.0,1.0,0.0,0.0,0.0,0.0,0.0,Mohammed Siraj,India
IPL,94.0,25.0,109.0,119.0,14.0,10.9,91.6,15.0,10.0,4.0,2.0,0.0,0.0,0.0,0.0,0.0,Mohammed Siraj,India
Test,47.0,89.0,2586.0,5548.0,189.0,29.39,46.62,1.0,326.0,23.0,10.0,17.0,3.0,0.0,0.0,0.0,Martin Guptil,NewZeland
ODI,198.0,195.0,7346.0,8414.0,237.0,41.5,87.31,18.0,751.0,187.0,16.0,39.0,18.0,1.0,0.0,0.0,Martin Guptil,NewZeland
T20,122.0,118.0,3531.0,2602.0,105.0,31.81,135.71,7.0,310.0,173.0,3.0,20.0,2.0,0.0,0.0,0.0,Martin Guptil,NewZeland
IPL,13.0,13.0,270.0,196.0,50.0,22.5,137.76,1.0,24.0,15.0,1.0,1.0,0.0,0.0,0.0,0.0,Martin Guptil,NewZeland
Test,112.0,196.0,7684.0,12957.0,290.0,44.16,59.31,22.0,932.0,55.0,14.0,35.0,19.0,3.0,0.0,0.0,Ross Taylor,NewZeland
ODI,236.0,220.0,8602.0,10331.0,181.0,47.52,83.27,39.0,712.0,147.0,9.0,51.0,21.0,0.0,0.0,0.0,Ross Taylor,NewZeland
T20,102.0,94.0,1909.0,1560.0,63.0,25.45,122.38,19.0,122.0,71.0,6.0,7.0,0.0,0.0,0.0,0.0,Ross Taylor,NewZeland
IPL,55.0,54.0,1017.0,822.0,81.0,25.43,123.73,14.0,66.0,46.0,3.0,3.0,0.0,0.0,0.0,0.0,Ross Taylor,NewZeland
Test,105.0,186.0,9276.0,17913.0,251.0,54.89,51.79,17.0,1031.0,27.0,11.0,37.0,33.0,6.0,0.0,0.0,Kane Williamson,NewZeland
ODI,173.0,165.0,7236.0,8853.0,148.0,48.89,81.74,17.0,666.0,60.0,5.0,47.0,15.0,0.0,0.0,0.0,Kane Williamson,NewZeland
T20,93.0,90.0,2575.0,2094.0,95.0,33.01,122.98,12.0,245.0,58.0,4.0,18.0,0.0,0.0,0.0,0.0,Kane Williamson,NewZeland
IPL,79.0,77.0,2128.0,1694.0,89.0,35.47,125.62,17.0,185.0,64.0,2.0,18.0,0.0,0.0,0.0,0.0,Kane Williamson,NewZeland
Test,1.0,2.0,15.0,26.0,15.0,7.5,57.7,0.0,3.0,0.0,1.0,0.0,0.0,0.0,0.0,0.0,Colin Munro,NewZeland
ODI,57.0,53.0,1271.0,1214.0,87.0,24.92,104.7,2.0,137.0,36.0,7.0,8.0,0.0,0.0,0.0,0.0,Colin Munro,NewZeland
T20,65.0,62.0,1724.0,1102.0,109.0,31.35,156.45,7.0,132.0,107.0,5.0,11.0,3.0,0.0,0.0,0.0,Colin Munro,NewZeland
IPL,13.0,12.0,177.0,141.0,40.0,14.75,125.54,0.0,19.0,8.0,2.0,0.0,0.0,0.0,0.0,0.0,Colin Munro,NewZeland
Test,56.0,87.0,2973.0,5922.0,200.0,37.16,50.21,7.0,322.0,9.0,6.0,12.0,9.0,1.0,0.0,0.0,Henry Nicholls,NewZeland
ODI,78.0,76.0,2116.0,2616.0,124.0,35.27,80.89,16.0,193.0,19.0,6.0,15.0,1.0,0.0,0.0,0.0,Henry Nicholls,NewZeland
T20,10.0,9.0,100.0,112.0,36.0,12.5,89.29,1.0,9.0,0.0,0.0,0.0,0.0,0.0,0.0,0.0,Henry Nicholls,NewZeland
IPL,0.0,0.0,0.0,0.0,0.0,0.0,0.0,0.0,0.0,0.0,0.0,0.0,0.0,0.0,0.0,0.0,Henry Nicholls,NewZeland
Test,12.0,22.0,709.0,1069.0,137.0,33.76,66.33,1.0,88.0,11.0,2.0,4.0,2.0,0.0,0.0,0.0,James Neesham,NewZeland
ODI,76.0,65.0,1495.0,1496.0,97.0,28.21,99.94,12.0,128.0,38.0,3.0,7.0,0.0,0.0,0.0,0.0,James Neesham,NewZeland
T20,83.0,66.0,955.0,627.0,48.0,21.22,152.32,21.0,73.0,51.0,6.0,0.0,0.0,0.0,0.0,0.0,James Neesham,NewZeland
IPL,14.0,10.0,92.0,93.0,22.0,10.22,98.93,1.0,6.0,2.0,2.0,0.0,0.0,0.0,0.0,0.0,James Neesham,NewZeland
Test,29.0,44.0,1432.0,1780.0,120.0,38.7,80.45,7.0,141.0,41.0,6.0,8.0,2.0,0.0,0.0,0.0,Colin de Grandhomme,NewZeland
ODI,45.0,35.0,742.0,699.0,74.0,26.5,106.16,7.0,58.0,29.0,2.0,4.0,0.0,0.0,0.0,0.0,Colin de Grandhomme,NewZeland
T20,41.0,39.0,503.0,365.0,59.0,15.72,137.81,7.0,27.0,30.0,6.0,3.0,0.0,0.0,0.0,0.0,Colin de Grandhomme,NewZeland
IPL,25.0,21.0,303.0,225.0,40.0,18.94,134.67,5.0,18.0,18.0,3.0,0.0,0.0,0.0,0.0,0.0,Colin de Grandhomme,NewZeland
Test,30.0,43.0,1066.0,2270.0,126.0,26.0,46.97,2.0,119.0,32.0,3.0,4.0,1.0,0.0,0.0,0.0,Mitchell Santner,NewZeland
ODI,118.0,86.0,1438.0,1584.0,67.0,26.15,90.79,31.0,105.0,41.0,3.0,3.0,0.0,0.0,0.0,0.0,Mitchell Santner,NewZeland
T20,109.0,74.0,725.0,603.0,77.0,16.86,120.24,31.0,55.0,24.0,5.0,1.0,0.0,0.0,0.0,0.0,Mitchell Santner,NewZeland
IPL,19.0,12.0,81.0,84.0,22.0,11.57,96.43,5.0,5.0,3.0,1.0,0.0,0.0,0.0,0.0,0.0,Mitchell Santner,NewZeland
Test,88.0,158.0,5835.0,12283.0,264.0,38.39,47.51,6.0,665.0,19.0,13.0,31.0,13.0,2.0,0.0,0.0,Tom Latham,NewZeland
ODI,157.0,144.0,4361.0,5090.0,145.0,34.61,85.68,18.0,364.0,60.0,14.0,26.0,8.0,0.0,0.0,0.0,Tom Latham,NewZeland
T20,26.0,23.0,516.0,474.0,65.0,25.8,108.87,3.0,42.0,8.0,1.0,3.0,0.0,0.0,0.0,0.0,Tom Latham,NewZeland
IPL,0.0,0.0,0.0,0.0,0.0,0.0,0.0,0.0,0.0,0.0,0.0,0.0,0.0,0.0,0.0,0.0,Tom Latham,NewZeland
Test,40.0,69.0,2138.0,4013.0,138.0,34.48,53.28,7.0,259.0,16.0,6.0,11.0,5.0,0.0,0.0,0.0,Tom Blundell,NewZeland
ODI,12.0,12.0,266.0,307.0,68.0,29.56,86.65,3.0,28.0,2.0,0.0,2.0,0.0,0.0,0.0,0.0,Tom Blundell,NewZeland
T20,9.0,8.0,91.0,94.0,30.0,15.17,96.81,2.0,10.0,0.0,0.0,0.0,0.0,0.0,0.0,0.0,Tom Blundell,NewZeland
IPL,0.0,0.0,0.0,0.0,0.0,0.0,0.0,0.0,0.0,0.0,0.0,0.0,0.0,0.0,0.0,0.0,Tom Blundell,NewZeland
Test,78.0,94.0,759.0,1264.0,52.0,15.81,60.05,46.0,82.0,30.0,13.0,1.0,0.0,0.0,0.0,0.0,Trent Boult,NewZeland
ODI,114.0,52.0,216.0,279.0,21.0,9.0,77.42,28.0,20.0,7.0,2.0,0.0,0.0,0.0,0.0,0.0,Trent Boult,NewZeland
T20,61.0,15.0,58.0,64.0,16.0,8.29,90.63,8.0,3.0,2.0,1.0,0.0,0.0,0.0,0.0,0.0,Trent Boult,NewZeland
IPL,104.0,28.0,84.0,80.0,17.0,9.33,105.0,19.0,5.0,3.0,3.0,0.0,0.0,0.0,0.0,0.0,Trent Boult,NewZeland
Test,30.0,42.0,649.0,834.0,72.0,18.03,77.82,6.0,87.0,20.0,9.0,4.0,0.0,0.0,0.0,0.0,Matt Henry,NewZeland
ODI,91.0,38.0,270.0,290.0,48.0,10.38,93.11,12.0,22.0,11.0,7.0,0.0,0.0,0.0,0.0,0.0,Matt Henry,NewZeland
T20,21.0,7.0,24.0,27.0,12.0,6.0,88.89,3.0,2.0,1.0,1.0,0.0,0.0,0.0,0.0,0.0,Matt Henry,NewZeland
IPL,6.0,0.0,0.0,0.0,0.0,0.0,0.0,0.0,0.0,0.0,0.0,0.0,0.0,0.0,0.0,0.0,Matt Henry,NewZeland
Test,107.0,155.0,2245.0,2715.0,77.0,15.48,82.69,10.0,215.0,98.0,21.0,7.0,0.0,0.0,0.0,0.0,Tim Southee,NewZeland
ODI,161.0,96.0,742.0,771.0,55.0,12.16,96.24,35.0,59.0,26.0,13.0,1.0,0.0,0.0,0.0,0.0,Tim Southee,NewZeland
T20,125.0,50.0,303.0,218.0,39.0,11.22,139.0,23.0,20.0,18.0,6.0,0.0,0.0,0.0,0.0,0.0,Tim Southee,NewZeland
IPL,54.0,20.0,120.0,107.0,36.0,9.23,112.15,7.0,8.0,4.0,3.0,0.0,0.0,0.0,0.0,0.0,Tim Southee,NewZeland
Test,21.0,31.0,561.0,1194.0,65.0,20.78,46.99,4.0,68.0,7.0,5.0,4.0,0.0,0.0,0.0,0.0,Ish Sodhi,NewZeland
ODI,55.0,27.0,217.0,291.0,35.0,9.86,74.58,5.0,8.0,11.0,6.0,0.0,0.0,0.0,0.0,0.0,Ish Sodhi,NewZeland
T20,123.0,39.0,197.0,194.0,19.0,7.3,101.55,12.0,12.0,9.0,6.0,0.0,0.0,0.0,0.0,0.0,Ish Sodhi,NewZeland
IPL,8.0,2.0,7.0,17.0,6.0,3.5,41.18,0.0,0.0,0.0,0.0,0.0,0.0,0.0,0.0,0.0,Ish Sodhi,NewZeland
Test,1.0,2.0,1.0,9.0,1.0,0.0,11.12,2.0,0.0,0.0,0.0,0.0,0.0,0.0,0.0,0.0,Lockie Ferguson,NewZeland
ODI,65.0,30.0,122.0,235.0,19.0,7.18,51.92,13.0,6.0,3.0,4.0,0.0,0.0,0.0,0.0,0.0,Lockie Ferguson,NewZeland
T20,43.0,15.0,29.0,36.0,14.0,3.63,80.56,7.0,0.0,2.0,4.0,0.0,0.0,0.0,0.0,0.0,Lockie Ferguson,NewZeland
IPL,45.0,10.0,68.0,46.0,24.0,22.67,147.83,7.0,6.0,2.0,1.0,0.0,0.0,0.0,0.0,0.0,Lockie Ferguson,NewZeland
Test,45.0,82.0,2857.0,4803.0,152.0,35.71,59.49,2.0,412.0,14.0,6.0,13.0,7.0,0.0,0.0,0.0,Aiden Markram,South Africa
ODI,77.0,73.0,2371.0,2436.0,175.0,37.05,97.34,9.0,236.0,55.0,4.0,12.0,3.0,0.0,0.0,0.0,Aiden Markram,South Africa
T20,57.0,53.0,1367.0,950.0,70.0,30.38,143.9,8.0,123.0,56.0,2.0,9.0,0.0,0.0,0.0,0.0,Aiden Markram,South Africa
IPL,45.0,43.0,1010.0,780.0,68.0,29.71,129.49,9.0,74.0,36.0,2.0,5.0,0.0,0.0,0.0,0.0,Aiden Markram,South Africa
Test,4.0,4.0,19.0,39.0,9.0,9.5,48.72,2.0,3.0,0.0,1.0,0.0,0.0,0.0,0.0,0.0,Andile Phehlukwayo,South Africa
ODI,85.0,57.0,884.0,1027.0,69.0,23.26,86.08,19.0,77.0,36.0,5.0,2.0,0.0,0.0,0.0,0.0,Andile Phehlukwayo,South Africa
T20,42.0,25.0,166.0,153.0,27.0,9.22,108.5,7.0,16.0,5.0,7.0,0.0,0.0,0.0,0.0,0.0,Andile Phehlukwayo,South Africa
IPL,0.0,0.0,0.0,0.0,0.0,0.0,0.0,0.0,0.0,0.0,0.0,0.0,0.0,0.0,0.0,0.0,Andile Phehlukwayo,South Africa
Test,1.0,2.0,9.0,18.0,5.0,9.0,50.0,1.0,1.0,0.0,0.0,0.0,0.0,0.0,0.0,0.0,Beuran Hendricks,South Africa
ODI,10.0,4.0,24.0,45.0,18.0,8.0,53.34,1.0,2.0,0.0,0.0,0.0,0.0,0.0,0.0,0.0,Beuran Hendricks,South Africa
T20,19.0,5.0,18.0,23.0,12.0,6.0,78.27,2.0,0.0,1.0,1.0,0.0,0.0,0.0,0.0,0.0,Beuran Hendricks,South Africa
IPL,7.0,3.0,1.0,3.0,1.0,1.0,33.34,2.0,0.0,0.0,1.0,0.0,0.0,0.0,0.0,0.0,Beuran Hendricks,South Africa
Test,4.0,7.0,173.0,362.0,69.0,24.71,47.8,0.0,25.0,0.0,0.0,1.0,0.0,0.0,0.0,0.0,Chris Morris,South Africa
ODI,42.0,27.0,468.0,465.0,62.0,20.35,100.65,4.0,36.0,15.0,0.0,1.0,0.0,0.0,0.0,0.0,Chris Morris,South Africa
T20,23.0,13.0,133.0,102.0,55.0,14.78,130.4,4.0,12.0,5.0,3.0,1.0,0.0,0.0,0.0,0.0,Chris Morris,South Africa
IPL,81.0,51.0,618.0,398.0,82.0,22.07,155.28,23.0,41.0,35.0,9.0,2.0,0.0,0.0,0.0,0.0,Chris Morris,South Africa
Test,0.0,0.0,0.0,0.0,0.0,0.0,0.0,0.0,0.0,0.0,0.0,0.0,0.0,0.0,0.0,0.0,David Miller,South Africa
ODI,178.0,154.0,4611.0,4447.0,139.0,42.3,103.69,45.0,342.0,144.0,9.0,24.0,7.0,0.0,0.0,0.0,David Miller,South Africa
T20,130.0,114.0,2593.0,1842.0,106.0,33.24,140.78,36.0,168.0,130.0,3.0,8.0,2.0,0.0,0.0,0.0,David Miller,South Africa
IPL,131.0,125.0,2951.0,2119.0,101.0,36.43,139.27,44.0,208.0,136.0,4.0,13.0,1.0,0.0,0.0,0.0,David Miller,South Africa
Test,3.0,6.0,83.0,163.0,37.0,13.83,50.93,0.0,13.0,1.0,1.0,0.0,0.0,0.0,0.0,0.0,Dwaine Pretorius,South Africa
ODI,27.0,13.0,192.0,224.0,50.0,16.0,85.72,1.0,14.0,5.0,1.0,1.0,0.0,0.0,0.0,0.0,Dwaine Pretorius,South Africa
T20,30.0,17.0,261.0,159.0,77.0,21.75,164.16,5.0,22.0,15.0,2.0,1.0,0.0,0.0,0.0,0.0,Dwaine Pretorius,South Africa
IPL,7.0,5.0,44.0,28.0,22.0,11.0,157.15,1.0,3.0,3.0,1.0,0.0,0.0,0.0,0.0,0.0,Dwaine Pretorius,South Africa
Test,69.0,118.0,4163.0,8986.0,199.0,40.03,46.33,14.0,516.0,21.0,9.0,21.0,10.0,0.0,0.0,0.0,Faf du Plessis ,South Africa
ODI,143.0,136.0,5507.0,6218.0,185.0,46.67,88.57,18.0,495.0,66.0,3.0,35.0,12.0,0.0,0.0,0.0,Faf du Plessis ,South Africa
T20,50.0,50.0,1528.0,1137.0,119.0,35.53,134.39,7.0,140.0,50.0,0.0,10.0,1.0,0.0,0.0,0.0,Faf du Plessis ,South Africa
IPL,146.0,139.0,4600.0,3370.0,96.0,35.94,136.5,11.0,424.0,168.0,7.0,37.0,0.0,0.0,0.0,0.0,Faf du Plessis ,South Africa
Test,20.0,23.0,130.0,235.0,29.0,9.29,55.32,9.0,18.0,1.0,2.0,0.0,0.0,0.0,0.0,0.0,Imran Tahir,South Africa
ODI,107.0,36.0,157.0,225.0,29.0,7.85,69.78,16.0,21.0,1.0,6.0,0.0,0.0,0.0,0.0,0.0,Imran Tahir,South Africa
T20,38.0,4.0,19.0,18.0,9.0,19.0,105.56,3.0,1.0,1.0,0.0,0.0,0.0,0.0,0.0,0.0,Imran Tahir,South Africa
IPL,59.0,9.0,33.0,37.0,13.0,8.25,89.19,5.0,5.0,0.0,0.0,0.0,0.0,0.0,0.0,0.0,Imran Tahir,South Africa
Test,46.0,74.0,2103.0,4544.0,166.0,32.86,46.29,10.0,251.0,13.0,9.0,8.0,6.0,0.0,0.0,0.0,Jean-Paul Duminy,South Africa
ODI,199.0,179.0,5117.0,6050.0,150.0,36.81,84.58,40.0,347.0,75.0,7.0,27.0,4.0,0.0,0.0,0.0,Jean-Paul Duminy,South Africa
T20,81.0,75.0,1934.0,1532.0,96.0,38.68,126.25,25.0,138.0,71.0,6.0,11.0,0.0,0.0,0.0,0.0,Jean-Paul Duminy,South Africa
IPL,83.0,77.0,2029.0,1636.0,78.0,39.78,124.03,26.0,126.0,79.0,1.0,14.0,0.0,0.0,0.0,0.0,Jean-Paul Duminy,South Africa
Test,70.0,106.0,1030.0,2053.0,47.0,11.98,50.18,20.0,135.0,16.0,20.0,0.0,0.0,0.0,0.0,0.0,Kagiso Rabada,South Africa
ODI,106.0,45.0,401.0,507.0,31.0,14.85,79.1,18.0,30.0,12.0,2.0,0.0,0.0,0.0,0.0,0.0,Kagiso Rabada,South Africa
T20,65.0,24.0,156.0,141.0,22.0,17.33,110.64,15.0,14.0,5.0,4.0,0.0,0.0,0.0,0.0,0.0,Kagiso Rabada,South Africa
IPL,81.0,31.0,206.0,193.0,44.0,12.12,106.74,14.0,16.0,8.0,4.0,0.0,0.0,0.0,0.0,0.0,Kagiso Rabada,South Africa
Test,19.0,30.0,97.0,229.0,19.0,4.85,42.36,10.0,14.0,1.0,8.0,0.0,0.0,0.0,0.0,0.0,Lungi Ngidi,South Africa
ODI,67.0,27.0,124.0,236.0,20.0,11.27,52.55,16.0,8.0,6.0,5.0,0.0,0.0,0.0,0.0,0.0,Lungi Ngidi,South Africa
T20,43.0,13.0,41.0,52.0,13.0,8.2,78.85,8.0,4.0,0.0,2.0,0.0,0.0,0.0,0.0,0.0,Lungi Ngidi,South Africa
IPL,14.0,0.0,0.0,0.0,0.0,0.0,0.0,0.0,0.0,0.0,0.0,0.0,0.0,0.0,0.0,0.0,Lungi Ngidi,South Africa
Test,54.0,91.0,3300.0,4652.0,141.0,38.82,70.94,6.0,411.0,33.0,7.0,22.0,6.0,0.0,0.0,0.0,Quinton de Kock,South Africa
ODI,155.0,155.0,6770.0,7005.0,178.0,45.74,96.65,7.0,771.0,118.0,4.0,30.0,21.0,0.0,0.0,0.0,Quinton de Kock,South Africa
T20,92.0,91.0,2584.0,1868.0,100.0,31.51,138.33,9.0,264.0,103.0,7.0,16.0,1.0,0.0,0.0,0.0,Quinton de Kock,South Africa
IPL,108.0,108.0,3161.0,2357.0,140.0,30.99,134.12,6.0,317.0,123.0,4.0,23.0,2.0,0.0,0.0,0.0,Quinton de Kock,South Africa
Test,18.0,32.0,905.0,2221.0,98.0,30.17,40.75,2.0,101.0,4.0,3.0,6.0,0.0,0.0,0.0,0.0,Rassie van der Dussen,South Africa
ODI,71.0,66.0,2657.0,3053.0,134.0,50.13,87.03,13.0,206.0,50.0,3.0,17.0,6.0,0.0,0.0,0.0,Rassie van der Dussen,South Africa
T20,50.0,46.0,1257.0,971.0,94.0,33.97,129.46,9.0,73.0,60.0,2.0,9.0,0.0,0.0,0.0,0.0,Rassie van der Dussen,South Africa
IPL,3.0,3.0,22.0,24.0,12.0,11.0,91.67,1.0,2.0,0.0,0.0,0.0,0.0,0.0,0.0,0.0,Rassie van der Dussen,South Africa
Test,2.0,4.0,20.0,48.0,18.0,20.0,41.67,3.0,2.0,0.0,0.0,0.0,0.0,0.0,0.0,0.0,Tabraiz Shamsi,South Africa
ODI,55.0,15.0,39.0,69.0,11.0,9.75,56.53,11.0,4.0,0.0,3.0,0.0,0.0,0.0,0.0,0.0,Tabraiz Shamsi,South Africa
T20,70.0,14.0,10.0,27.0,4.0,2.0,37.04,9.0,0.0,0.0,5.0,0.0,0.0,0.0,0.0,0.0,Tabraiz Shamsi,South Africa
IPL,5.0,1.0,2.0,4.0,2.0,0.0,50.0,1.0,0.0,0.0,0.0,0.0,0.0,0.0,0.0,0.0,Tabraiz Shamsi,South Africa
Test,28.0,50.0,132.0,361.0,17.0,4.0,36.57,17.0,19.0,0.0,18.0,0.0,0.0,0.0,0.0,0.0,Nuwan Pradeep,Sri Lanka
ODI,49.0,25.0,35.0,83.0,7.0,4.38,42.17,17.0,3.0,1.0,4.0,0.0,0.0,0.0,0.0,0.0,Nuwan Pradeep,Sri Lanka
T20,16.0,6.0,10.0,15.0,8.0,10.0,66.67,5.0,1.0,0.0,1.0,0.0,0.0,0.0,0.0,0.0,Nuwan Pradeep,Sri Lanka
IPL,0.0,0.0,0.0,0.0,0.0,0.0,0.0,0.0,0.0,0.0,0.0,0.0,0.0,0.0,0.0,0.0,Nuwan Pradeep,Sri Lanka
Test,44.0,85.0,2088.0,5294.0,155.0,26.43,39.45,6.0,207.0,3.0,11.0,10.0,3.0,0.0,0.0,0.0,Lahiru Thirimanne,Sri Lanka
ODI,127.0,105.0,3164.0,4389.0,139.0,34.77,72.09,14.0,244.0,25.0,7.0,21.0,4.0,0.0,0.0,0.0,Lahiru Thirimanne,Sri Lanka
T20,26.0,20.0,291.0,267.0,44.0,16.17,108.99,2.0,27.0,5.0,1.0,0.0,0.0,0.0,0.0,0.0,Lahiru Thirimanne,Sri Lanka
IPL,0.0,0.0,0.0,0.0,0.0,0.0,0.0,0.0,0.0,0.0,0.0,0.0,0.0,0.0,0.0,0.0,Lahiru Thirimanne,Sri Lanka
Test,100.0,191.0,7222.0,14024.0,244.0,39.25,51.5,7.0,764.0,12.0,13.0,39.0,16.0,1.0,0.0,0.0,Dimuth Karunaratne,Sri Lanka
ODI,50.0,46.0,1316.0,1655.0,103.0,31.33,79.52,4.0,131.0,1.0,4.0,11.0,1.0,0.0,0.0,0.0,Dimuth Karunaratne,Sri Lanka
T20,0.0,0.0,0.0,0.0,0.0,0.0,0.0,0.0,0.0,0.0,0.0,0.0,0.0,0.0,0.0,0.0,Dimuth Karunaratne,Sri Lanka
IPL,0.0,0.0,0.0,0.0,0.0,0.0,0.0,0.0,0.0,0.0,0.0,0.0,0.0,0.0,0.0,0.0,Dimuth Karunaratne,Sri Lanka
Test,0.0,0.0,0.0,0.0,0.0,0.0,0.0,0.0,0.0,0.0,0.0,0.0,0.0,0.0,0.0,0.0,Avishka Fernando,Sri Lanka
ODI,51.0,50.0,1589.0,1787.0,127.0,31.78,88.92,0.0,165.0,31.0,5.0,9.0,4.0,0.0,0.0,0.0,Avishka Fernando,Sri Lanka
T20,37.0,35.0,363.0,386.0,37.0,11.0,94.05,2.0,28.0,8.0,5.0,0.0,0.0,0.0,0.0,0.0,Avishka Fernando,Sri Lanka
IPL,0.0,0.0,0.0,0.0,0.0,0.0,0.0,0.0,0.0,0.0,0.0,0.0,0.0,0.0,0.0,0.0,Avishka Fernando,Sri Lanka
Test,118.0,210.0,8167.0,16856.0,200.0,44.63,48.46,27.0,831.0,89.0,6.0,45.0,16.0,1.0,0.0,0.0,Angelo Mathews,Sri Lanka
ODI,226.0,194.0,5916.0,7135.0,139.0,40.52,82.92,48.0,468.0,90.0,16.0,40.0,3.0,0.0,0.0,0.0,Angelo Mathews,Sri Lanka
T20,90.0,73.0,1416.0,1175.0,81.0,27.76,120.52,22.0,92.0,50.0,1.0,6.0,0.0,0.0,0.0,0.0,Angelo Mathews,Sri Lanka
IPL,49.0,42.0,724.0,575.0,65.0,23.35,125.92,11.0,44.0,29.0,3.0,1.0,0.0,0.0,0.0,0.0,Angelo Mathews,Sri Lanka
Test,5.0,9.0,298.0,454.0,68.0,33.11,65.64,0.0,32.0,11.0,1.0,2.0,0.0,0.0,0.0,0.0,Dhananjaya de Silva,Sri Lanka
ODI,27.0,24.0,516.0,525.0,66.0,22.43,98.29,1.0,39.0,13.0,1.0,3.0,0.0,0.0,0.0,0.0,Dhananjaya de Silva,Sri Lanka
T20,22.0,19.0,275.0,208.0,42.0,17.19,132.22,3.0,16.0,12.0,4.0,0.0,0.0,0.0,0.0,0.0,Dhananjaya de Silva,Sri Lanka
IPL,0.0,0.0,0.0,0.0,0.0,0.0,0.0,0.0,0.0,0.0,0.0,0.0,0.0,0.0,0.0,0.0,Dhananjaya de Silva,Sri Lanka
Test,29.0,44.0,1432.0,1780.0,120.0,38.7,80.45,7.0,141.0,41.0,6.0,8.0,2.0,0.0,0.0,0.0,Milinda Siriwardana,Sri Lanka
ODI,45.0,35.0,742.0,699.0,74.0,26.5,106.16,7.0,58.0,29.0,2.0,4.0,0.0,0.0,0.0,0.0,Milinda Siriwardana,Sri Lanka
T20,41.0,39.0,503.0,365.0,59.0,15.72,137.81,7.0,27.0,30.0,6.0,3.0,0.0,0.0,0.0,0.0,Milinda Siriwardana,Sri Lanka
IPL,25.0,21.0,303.0,225.0,40.0,18.94,134.67,5.0,18.0,18.0,3.0,0.0,0.0,0.0,0.0,0.0,Milinda Siriwardana,Sri Lanka
Test,6.0,10.0,203.0,278.0,75.0,20.3,73.03,0.0,21.0,4.0,0.0,1.0,0.0,0.0,0.0,0.0,Thisara Perera,Sri Lanka
ODI,166.0,133.0,2338.0,2086.0,140.0,19.98,112.09,16.0,176.0,84.0,11.0,10.0,1.0,0.0,0.0,0.0,Thisara Perera,Sri Lanka
T20,84.0,74.0,1204.0,794.0,61.0,23.15,151.64,22.0,88.0,64.0,8.0,3.0,0.0,0.0,0.0,0.0,Thisara Perera,Sri Lanka
IPL,37.0,30.0,422.0,307.0,40.0,19.18,137.46,8.0,23.0,26.0,1.0,0.0,0.0,0.0,0.0,0.0,Thisara Perera,Sri Lanka
Test,0.0,0.0,0.0,0.0,0.0,0.0,0.0,0.0,0.0,0.0,0.0,0.0,0.0,0.0,0.0,0.0,Isuru Udana,Sri Lanka
ODI,21.0,18.0,237.0,249.0,78.0,16.93,95.19,4.0,17.0,10.0,2.0,1.0,0.0,0.0,0.0,0.0,Isuru Udana,Sri Lanka
T20,35.0,25.0,256.0,186.0,84.0,18.29,137.64,11.0,16.0,14.0,3.0,1.0,0.0,0.0,0.0,0.0,Isuru Udana,Sri Lanka
IPL,10.0,4.0,15.0,11.0,10.0,5.0,136.37,1.0,1.0,1.0,1.0,0.0,0.0,0.0,0.0,0.0,Isuru Udana,Sri Lanka
Test,0.0,0.0,0.0,0.0,0.0,0.0,0.0,0.0,0.0,0.0,0.0,0.0,0.0,0.0,0.0,0.0,Jeevan Mendis,Sri Lanka
ODI,58.0,44.0,636.0,769.0,72.0,18.71,82.71,10.0,48.0,13.0,2.0,1.0,0.0,0.0,0.0,0.0,Jeevan Mendis,Sri Lanka
T20,22.0,15.0,208.0,174.0,43.0,18.91,119.55,4.0,18.0,6.0,1.0,0.0,0.0,0.0,0.0,0.0,Jeevan Mendis,Sri Lanka
IPL,3.0,3.0,23.0,27.0,12.0,7.67,85.19,0.0,0.0,0.0,1.0,0.0,0.0,0.0,0.0,0.0,Jeevan Mendis,Sri Lanka
Test,22.0,41.0,1177.0,1629.0,153.0,30.97,72.26,3.0,151.0,12.0,5.0,7.0,2.0,0.0,0.0,0.0,Kusal Perera,Sri Lanka
ODI,116.0,111.0,3237.0,3484.0,135.0,30.25,92.92,4.0,362.0,52.0,12.0,17.0,6.0,0.0,0.0,0.0,Kusal Perera,Sri Lanka
T20,77.0,76.0,2056.0,1533.0,101.0,28.16,134.12,3.0,199.0,65.0,4.0,15.0,1.0,0.0,0.0,0.0,Kusal Perera,Sri Lanka
IPL,2.0,2.0,14.0,13.0,14.0,7.0,107.7,0.0,3.0,0.0,1.0,0.0,0.0,0.0,0.0,0.0,Kusal Perera,Sri Lanka
Test,71.0,133.0,4668.0,8012.0,245.0,36.76,58.27,6.0,563.0,50.0,14.0,21.0,10.0,1.0,0.0,0.0,Kusal Mendis,Sri Lanka
ODI,143.0,140.0,4429.0,5076.0,143.0,34.33,87.26,11.0,445.0,74.0,14.0,33.0,5.0,0.0,0.0,0.0,Kusal Mendis,Sri Lanka
T20,78.0,78.0,1920.0,1458.0,86.0,25.6,131.69,3.0,165.0,81.0,6.0,15.0,0.0,0.0,0.0,0.0,Kusal Mendis,Sri Lanka
IPL,0.0,0.0,0.0,0.0,0.0,0.0,0.0,0.0,0.0,0.0,0.0,0.0,0.0,0.0,0.0,0.0,Kusal Mendis,Sri Lanka
Test,107.0,155.0,2245.0,2715.0,77.0,15.48,82.69,10.0,215.0,98.0,21.0,7.0,0.0,0.0,0.0,0.0,Suranga Lakmal,Sri Lanka
ODI,161.0,96.0,742.0,771.0,55.0,12.16,96.24,35.0,59.0,26.0,13.0,1.0,0.0,0.0,0.0,0.0,Suranga Lakmal,Sri Lanka
T20,125.0,50.0,303.0,218.0,39.0,11.22,139.0,23.0,20.0,18.0,6.0,0.0,0.0,0.0,0.0,0.0,Suranga Lakmal,Sri Lanka
IPL,54.0,20.0,120.0,107.0,36.0,9.23,112.15,7.0,8.0,4.0,3.0,0.0,0.0,0.0,0.0,0.0,Suranga Lakmal,Sri Lanka
Test,30.0,37.0,275.0,619.0,64.0,11.46,44.43,13.0,36.0,6.0,9.0,1.0,0.0,0.0,0.0,0.0,Lasith Malinga,Sri Lanka
ODI,226.0,120.0,567.0,761.0,56.0,6.83,74.51,37.0,45.0,21.0,26.0,1.0,0.0,0.0,0.0,0.0,Lasith Malinga,Sri Lanka
T20,84.0,33.0,136.0,161.0,27.0,6.48,84.48,12.0,9.0,5.0,8.0,0.0,0.0,0.0,0.0,0.0,Lasith Malinga,Sri Lanka
IPL,122.0,25.0,88.0,99.0,17.0,5.5,88.89,9.0,6.0,5.0,6.0,0.0,0.0,0.0,0.0,0.0,Lasith Malinga,Sri Lanka
Test,2.0,4.0,71.0,77.0,53.0,17.75,92.21,0.0,10.0,2.0,0.0,1.0,0.0,0.0,0.0,0.0,Jeffrey Vandersay,Sri Lanka
ODI,27.0,15.0,112.0,234.0,25.0,11.2,47.87,5.0,5.0,0.0,2.0,0.0,0.0,0.0,0.0,0.0,Jeffrey Vandersay,Sri Lanka
T20,14.0,8.0,20.0,20.0,8.0,20.0,100.0,7.0,3.0,0.0,0.0,0.0,0.0,0.0,0.0,0.0,Jeffrey Vandersay,Sri Lanka
IPL,0.0,0.0,0.0,0.0,0.0,0.0,0.0,0.0,0.0,0.0,0.0,0.0,0.0,0.0,0.0,0.0,Jeffrey Vandersay,Sri Lanka
Test,11.0,22.0,481.0,875.0,66.0,24.05,54.98,2.0,56.0,6.0,5.0,4.0,0.0,0.0,0.0,0.0,Sabbir Rahman,Bangladesh
ODI,66.0,59.0,1333.0,1461.0,102.0,25.63,91.24,7.0,153.0,24.0,5.0,6.0,1.0,0.0,0.0,0.0,Sabbir Rahman,Bangladesh
T20,48.0,47.0,977.0,819.0,80.0,23.26,119.3,5.0,92.0,29.0,3.0,4.0,0.0,0.0,0.0,0.0,Sabbir Rahman,Bangladesh
IPL,0.0,0.0,0.0,0.0,0.0,0.0,0.0,0.0,0.0,0.0,0.0,0.0,0.0,0.0,0.0,0.0,Sabbir Rahman,Bangladesh
Test,0.0,134.0,5134.0,8852.0,206.0,38.89,58.0,2.0,656.0,41.0,11.0,31.0,10.0,1.0,0.0,0.0,Tamim Iqbal,Bangladesh
ODI,243.0,240.0,8357.0,10642.0,158.0,36.65,78.53,12.0,925.0,103.0,19.0,56.0,14.0,0.0,0.0,0.0,Tamim Iqbal,Bangladesh
T20,78.0,78.0,1758.0,1500.0,103.0,24.08,117.2,5.0,189.0,45.0,6.0,7.0,1.0,0.0,0.0,0.0,Tamim Iqbal,Bangladesh
IPL,0.0,0.0,0.0,0.0,0.0,0.0,0.0,0.0,0.0,0.0,0.0,0.0,0.0,0.0,0.0,0.0,Tamim Iqbal,Bangladesh
Test,16.0,30.0,831.0,1442.0,149.0,27.7,57.63,0.0,109.0,9.0,2.0,4.0,1.0,0.0,0.0,0.0,Soumya Sarkar,Bangladesh
ODI,76.0,71.0,2198.0,2282.0,169.0,32.32,96.32,3.0,256.0,52.0,9.0,13.0,3.0,0.0,0.0,0.0,Soumya Sarkar,Bangladesh
T20,87.0,86.0,1462.0,1197.0,68.0,17.83,122.14,4.0,145.0,55.0,13.0,5.0,0.0,0.0,0.0,0.0,Soumya Sarkar,Bangladesh
IPL,0.0,0.0,0.0,0.0,0.0,0.0,0.0,0.0,0.0,0.0,0.0,0.0,0.0,0.0,0.0,0.0,Soumya Sarkar,Bangladesh
Test,94.0,174.0,6007.0,12392.0,219.0,37.54,48.48,14.0,713.0,36.0,13.0,27.0,11.0,3.0,0.0,0.0,Mushfiqur Rahim,Bangladesh
ODI,274.0,256.0,7795.0,9780.0,144.0,36.26,79.71,41.0,617.0,100.0,12.0,49.0,9.0,0.0,0.0,0.0,Mushfiqur Rahim,Bangladesh
T20,102.0,93.0,1500.0,1305.0,72.0,19.23,114.95,15.0,126.0,37.0,8.0,6.0,0.0,0.0,0.0,0.0,Mushfiqur Rahim,Bangladesh
IPL,0.0,0.0,0.0,0.0,0.0,0.0,0.0,0.0,0.0,0.0,0.0,0.0,0.0,0.0,0.0,0.0,Mushfiqur Rahim,Bangladesh
Test,48.0,84.0,2788.0,4740.0,141.0,33.59,58.82,1.0,345.0,16.0,2.0,17.0,4.0,0.0,0.0,0.0,Litton Das,Bangladesh
ODI,94.0,93.0,2569.0,2986.0,176.0,29.53,86.04,6.0,274.0,45.0,15.0,12.0,5.0,0.0,0.0,0.0,Litton Das,Bangladesh
T20,95.0,93.0,2021.0,1619.0,83.0,22.46,124.84,3.0,210.0,58.0,6.0,11.0,0.0,0.0,0.0,0.0,Litton Das,Bangladesh
IPL,1.0,1.0,4.0,4.0,4.0,4.0,100.0,0.0,1.0,0.0,0.0,0.0,0.0,0.0,0.0,0.0,Litton Das,Bangladesh
Test,10.0,18.0,333.0,752.0,67.0,18.5,44.29,0.0,32.0,3.0,4.0,2.0,0.0,0.0,0.0,0.0,Mohammad Mithun,Bangladesh
ODI,34.0,30.0,714.0,921.0,73.0,27.46,77.53,4.0,61.0,16.0,2.0,6.0,0.0,0.0,0.0,0.0,Mohammad Mithun,Bangladesh
T20,17.0,13.0,127.0,136.0,47.0,10.58,93.39,1.0,10.0,4.0,2.0,0.0,0.0,0.0,0.0,0.0,Mohammad Mithun,Bangladesh
IPL,0.0,0.0,0.0,0.0,0.0,0.0,0.0,0.0,0.0,0.0,0.0,0.0,0.0,0.0,0.0,0.0,Mohammad Mithun,Bangladesh
Test,36.0,67.0,797.0,1186.0,79.0,12.85,67.21,5.0,95.0,22.0,12.0,3.0,0.0,0.0,0.0,0.0,Mashrafe Mortaza,Bangladesh
ODI,220.0,158.0,1787.0,2041.0,51.0,13.75,87.56,28.0,149.0,62.0,15.0,1.0,0.0,0.0,0.0,0.0,Mashrafe Mortaza,Bangladesh
T20,54.0,39.0,377.0,278.0,36.0,13.46,135.62,11.0,28.0,23.0,6.0,0.0,0.0,0.0,0.0,0.0,Mashrafe Mortaza,Bangladesh
IPL,1.0,1.0,2.0,2.0,2.0,0.0,100.0,1.0,0.0,0.0,0.0,0.0,0.0,0.0,0.0,0.0,Mashrafe Mortaza,Bangladesh
Test,27.0,47.0,265.0,603.0,45.0,9.46,43.95,19.0,34.0,4.0,7.0,0.0,0.0,0.0,0.0,0.0,Rubel Hossain,Bangladesh
ODI,104.0,53.0,144.0,277.0,17.0,4.97,51.99,24.0,14.0,2.0,11.0,0.0,0.0,0.0,0.0,0.0,Rubel Hossain,Bangladesh
T20,28.0,15.0,20.0,36.0,8.0,4.0,55.56,10.0,1.0,0.0,4.0,0.0,0.0,0.0,0.0,0.0,Rubel Hossain,Bangladesh
IPL,0.0,0.0,0.0,0.0,0.0,0.0,0.0,0.0,0.0,0.0,0.0,0.0,0.0,0.0,0.0,0.0,Rubel Hossain,Bangladesh
Test,15.0,22.0,66.0,162.0,16.0,4.4,40.75,7.0,3.0,5.0,8.0,0.0,0.0,0.0,0.0,0.0,Mustafizur Rahman,Bangladesh
ODI,109.0,54.0,166.0,319.0,20.0,7.9,52.04,33.0,18.0,1.0,9.0,0.0,0.0,0.0,0.0,0.0,Mustafizur Rahman,Bangladesh
T20,106.0,32.0,87.0,117.0,15.0,4.58,74.36,13.0,3.0,5.0,7.0,0.0,0.0,0.0,0.0,0.0,Mustafizur Rahman,Bangladesh
IPL,57.0,9.0,13.0,23.0,8.0,13.0,56.53,8.0,0.0,1.0,0.0,0.0,0.0,0.0,0.0,0.0,Mustafizur Rahman,Bangladesh
Test,51.0,93.0,1952.0,3920.0,103.0,23.52,49.8,10.0,231.0,20.0,6.0,9.0,1.0,0.0,0.0,0.0,Mehidy Hasan Miraz,Bangladesh
ODI,105.0,76.0,1617.0,2105.0,112.0,24.5,76.82,10.0,137.0,27.0,4.0,6.0,2.0,0.0,0.0,0.0,Mehidy Hasan Miraz,Bangladesh
T20,29.0,24.0,354.0,305.0,46.0,17.7,116.07,4.0,29.0,10.0,2.0,0.0,0.0,0.0,0.0,0.0,Mehidy Hasan Miraz,Bangladesh
IPL,0.0,0.0,0.0,0.0,0.0,0.0,0.0,0.0,0.0,0.0,0.0,0.0,0.0,0.0,0.0,0.0,Mehidy Hasan Miraz,Bangladesh
Test,0.0,0.0,0.0,0.0,0.0,0.0,0.0,0.0,0.0,0.0,0.0,0.0,0.0,0.0,0.0,0.0,Mohammad Saifuddin,Bangladesh
ODI,29.0,19.0,362.0,422.0,51.0,36.2,85.79,9.0,29.0,6.0,1.0,2.0,0.0,0.0,0.0,0.0,Mohammad Saifuddin,Bangladesh
T20,38.0,21.0,206.0,180.0,39.0,18.73,114.45,10.0,16.0,7.0,2.0,0.0,0.0,0.0,0.0,0.0,Mohammad Saifuddin,Bangladesh
IPL,0.0,0.0,0.0,0.0,0.0,0.0,0.0,0.0,0.0,0.0,0.0,0.0,0.0,0.0,0.0,0.0,Mohammad Saifuddin,Bangladesh
Test,13.0,22.0,36.0,157.0,8.0,2.57,22.93,8.0,4.0,0.0,7.0,0.0,0.0,0.0,0.0,0.0,Abu Jayed,Bangladesh
ODI,2.0,0.0,0.0,0.0,0.0,0.0,0.0,0.0,0.0,0.0,0.0,0.0,0.0,0.0,0.0,0.0,Abu Jayed,Bangladesh
T20,3.0,2.0,3.0,7.0,2.0,1.5,42.86,0.0,0.0,0.0,0.0,0.0,0.0,0.0,0.0,0.0,Abu Jayed,Bangladesh
IPL,0.0,0.0,0.0,0.0,0.0,0.0,0.0,0.0,0.0,0.0,0.0,0.0,0.0,0.0,0.0,0.0,Abu Jayed,Bangladesh
Test,50.0,94.0,2914.0,5456.0,150.0,33.11,53.41,6.0,338.0,24.0,11.0,16.0,5.0,0.0,0.0,0.0,Mahmudullah,Bangladesh
ODI,239.0,209.0,5689.0,7330.0,128.0,36.47,77.62,53.0,426.0,107.0,10.0,32.0,4.0,0.0,0.0,0.0,Mahmudullah,Bangladesh
T20,141.0,130.0,2443.0,2083.0,64.0,23.49,117.29,26.0,184.0,77.0,5.0,8.0,0.0,0.0,0.0,0.0,Mahmudullah,Bangladesh
IPL,0.0,0.0,0.0,0.0,0.0,0.0,0.0,0.0,0.0,0.0,0.0,0.0,0.0,0.0,0.0,0.0,Mahmudullah,Bangladesh
Test,4.0,8.0,173.0,375.0,75.0,28.83,46.14,2.0,13.0,4.0,1.0,1.0,0.0,0.0,0.0,0.0,Mosaddek Hossain,Bangladesh
ODI,43.0,35.0,634.0,762.0,52.0,25.36,83.21,10.0,58.0,13.0,1.0,3.0,0.0,0.0,0.0,0.0,Mosaddek Hossain,Bangladesh
T20,33.0,31.0,389.0,341.0,48.0,18.52,114.08,10.0,26.0,11.0,4.0,0.0,0.0,0.0,0.0,0.0,Mosaddek Hossain,Bangladesh
IPL,0.0,0.0,0.0,0.0,0.0,0.0,0.0,0.0,0.0,0.0,0.0,0.0,0.0,0.0,0.0,0.0,Mosaddek Hossain,Bangladesh
Test,71.0,130.0,4609.0,7473.0,217.0,37.78,61.68,8.0,556.0,28.0,6.0,31.0,5.0,1.0,0.0,0.0,Shakib Al Hasan,Bangladesh
ODI,247.0,234.0,7570.0,9138.0,134.0,37.11,82.85,30.0,699.0,54.0,12.0,56.0,9.0,0.0,0.0,0.0,Shakib Al Hasan,Bangladesh
T20,129.0,126.0,2551.0,2104.0,84.0,23.19,121.25,16.0,258.0,53.0,9.0,13.0,0.0,0.0,0.0,0.0,Shakib Al Hasan,Bangladesh
IPL,71.0,52.0,793.0,637.0,66.0,19.83,124.49,12.0,73.0,21.0,4.0,2.0,0.0,0.0,0.0,0.0,Shakib Al Hasan,Bangladesh
Test,5.0,10.0,278.0,618.0,62.0,27.8,44.99,0.0,30.0,1.0,1.0,2.0,0.0,0.0,0.0,0.0,Aaron Finch,Australia
ODI,146.0,142.0,5406.0,6163.0,153.0,38.89,87.72,3.0,533.0,129.0,16.0,30.0,17.0,0.0,0.0,0.0,Aaron Finch,Australia
T20,103.0,103.0,3120.0,2189.0,172.0,34.29,142.54,12.0,309.0,125.0,8.0,19.0,2.0,0.0,0.0,0.0,Aaron Finch,Australia
IPL,92.0,90.0,2091.0,1631.0,88.0,24.89,128.21,6.0,214.0,78.0,8.0,15.0,0.0,0.0,0.0,0.0,Aaron Finch,Australia
Test,0.0,0.0,0.0,0.0,0.0,0.0,0.0,0.0,0.0,0.0,0.0,0.0,0.0,0.0,0.0,0.0,Adam Zampa,Australia
ODI,111.0,55.0,362.0,545.0,36.0,10.06,66.43,19.0,31.0,2.0,6.0,0.0,0.0,0.0,0.0,0.0,Adam Zampa,Australia
T20,95.0,22.0,68.0,76.0,13.0,5.67,89.48,10.0,7.0,0.0,3.0,0.0,0.0,0.0,0.0,0.0,Adam Zampa,Australia
IPL,21.0,5.0,15.0,24.0,7.0,3.0,62.5,0.0,1.0,0.0,1.0,0.0,0.0,0.0,0.0,0.0,Adam Zampa,Australia
Test,39.0,57.0,1757.0,2824.0,156.0,35.14,62.22,7.0,186.0,12.0,3.0,9.0,2.0,0.0,0.0,0.0,Alex Carey,Australia
ODI,80.0,72.0,2149.0,2364.0,106.0,35.82,90.91,12.0,203.0,24.0,4.0,12.0,1.0,0.0,0.0,0.0,Alex Carey,Australia
T20,38.0,26.0,233.0,215.0,37.0,11.1,108.38,5.0,19.0,7.0,2.0,0.0,0.0,0.0,0.0,0.0,Alex Carey,Australia
IPL,3.0,3.0,32.0,29.0,14.0,16.0,110.35,1.0,0.0,1.0,0.0,0.0,0.0,0.0,0.0,0.0,Alex Carey,Australia
Test,0.0,0.0,0.0,0.0,0.0,0.0,0.0,0.0,0.0,0.0,0.0,0.0,0.0,0.0,0.0,0.0,Andrew Tye,Australia
ODI,7.0,7.0,57.0,48.0,19.0,14.25,118.75,3.0,5.0,2.0,0.0,0.0,0.0,0.0,0.0,0.0,Andrew Tye,Australia
T20,32.0,15.0,83.0,76.0,20.0,10.38,109.22,7.0,5.0,4.0,3.0,0.0,0.0,0.0,0.0,0.0,Andrew Tye,Australia
IPL,30.0,13.0,91.0,76.0,25.0,10.11,119.74,4.0,6.0,5.0,2.0,0.0,0.0,0.0,0.0,0.0,Andrew Tye,Australia
Test,5.0,7.0,195.0,351.0,98.0,32.5,55.56,1.0,24.0,3.0,0.0,1.0,0.0,0.0,0.0,0.0,Ashton Agar,Australia
ODI,22.0,18.0,322.0,388.0,48.0,24.77,82.99,5.0,28.0,4.0,3.0,0.0,0.0,0.0,0.0,0.0,Ashton Agar,Australia
T20,49.0,29.0,279.0,278.0,29.0,11.63,100.36,5.0,19.0,9.0,4.0,0.0,0.0,0.0,0.0,0.0,Ashton Agar,Australia
IPL,0.0,0.0,0.0,0.0,0.0,0.0,0.0,0.0,0.0,0.0,0.0,0.0,0.0,0.0,0.0,0.0,Ashton Agar,Australia
Test,28.0,43.0,1377.0,2835.0,174.0,36.24,48.58,5.0,152.0,13.0,3.0,6.0,2.0,0.0,0.0,0.0,Cameron Green,Australia
ODI,28.0,24.0,626.0,756.0,89.0,36.82,82.81,7.0,54.0,12.0,1.0,2.0,0.0,0.0,0.0,0.0,Cameron Green,Australia
T20,13.0,12.0,263.0,172.0,62.0,26.3,152.91,2.0,21.0,16.0,0.0,3.0,0.0,0.0,0.0,0.0,Cameron Green,Australia
IPL,29.0,28.0,707.0,460.0,100.0,41.59,153.7,11.0,62.0,32.0,0.0,2.0,1.0,0.0,0.0,0.0,Cameron Green,Australia
Test,0.0,0.0,0.0,0.0,0.0,0.0,0.0,0.0,0.0,0.0,0.0,0.0,0.0,0.0,0.0,0.0,Daniel Sams,Australia
ODI,0.0,0.0,0.0,0.0,0.0,0.0,0.0,0.0,0.0,0.0,0.0,0.0,0.0,0.0,0.0,0.0,Daniel Sams,Australia
T20,10.0,7.0,106.0,62.0,41.0,26.5,170.97,3.0,8.0,6.0,0.0,0.0,0.0,0.0,0.0,0.0,Daniel Sams,Australia
IPL,16.0,13.0,44.0,44.0,15.0,4.89,100.0,4.0,1.0,3.0,3.0,0.0,0.0,0.0,0.0,0.0,Daniel Sams,Australia
Test,112.0,205.0,8786.0,12516.0,335.0,44.6,70.2,8.0,1036.0,69.0,13.0,37.0,26.0,3.0,1.0,0.0,David Warner,Australia
ODI,161.0,159.0,6932.0,7127.0,179.0,45.01,97.27,5.0,733.0,130.0,4.0,33.0,22.0,0.0,0.0,0.0,David Warner,Australia
T20,110.0,110.0,3277.0,2300.0,100.0,33.44,142.48,12.0,338.0,122.0,6.0,28.0,1.0,0.0,0.0,0.0,David Warner,Australia
IPL,184.0,184.0,6565.0,4697.0,126.0,40.52,139.78,22.0,664.0,235.0,11.0,62.0,4.0,0.0,0.0,0.0,David Warner,Australia
Test,7.0,14.0,339.0,570.0,104.0,26.08,59.48,1.0,33.0,7.0,0.0,0.0,1.0,0.0,0.0,0.0,Glenn Maxwell,Australia
ODI,149.0,136.0,3990.0,3149.0,201.0,33.81,126.71,18.0,382.0,155.0,12.0,23.0,4.0,1.0,0.0,0.0,Glenn Maxwell,Australia
T20,116.0,106.0,2664.0,1719.0,145.0,29.93,154.98,17.0,224.0,137.0,4.0,11.0,5.0,0.0,0.0,0.0,Glenn Maxwell,Australia
IPL,135.0,130.0,2771.0,1769.0,95.0,24.52,156.65,17.0,232.0,160.0,19.0,18.0,0.0,0.0,0.0,0.0,Glenn Maxwell,Australia
Test,21.0,25.0,417.0,971.0,47.0,26.06,42.95,9.0,44.0,7.0,2.0,0.0,0.0,0.0,0.0,0.0,James Pattinson,Australia
ODI,15.0,8.0,42.0,80.0,13.0,10.5,52.5,4.0,2.0,0.0,0.0,0.0,0.0,0.0,0.0,0.0,James Pattinson,Australia
T20,4.0,2.0,5.0,3.0,5.0,0.0,166.67,2.0,1.0,0.0,0.0,0.0,0.0,0.0,0.0,0.0,James Pattinson,Australia
IPL,10.0,2.0,15.0,13.0,11.0,15.0,115.39,1.0,2.0,0.0,0.0,0.0,0.0,0.0,0.0,0.0,James Pattinson,Australia
Test,23.0,40.0,1442.0,2557.0,180.0,36.97,56.4,1.0,183.0,14.0,6.0,7.0,4.0,0.0,0.0,0.0,Joe Burns,Australia
ODI,6.0,6.0,146.0,184.0,69.0,24.33,79.35,0.0,16.0,1.0,1.0,1.0,0.0,0.0,0.0,0.0,Joe Burns,Australia
T20,5.0,5.0,211.0,146.0,108.0,70.33,144.53,2.0,18.0,9.0,1.0,1.0,1.0,0.0,0.0,0.0,Joe Burns,Australia
IPL,0.0,0.0,0.0,0.0,0.0,0.0,0.0,0.0,0.0,0.0,0.0,0.0,0.0,0.0,0.0,0.0,Joe Burns,Australia
Test,72.0,88.0,510.0,1180.0,39.0,11.86,43.23,45.0,73.0,2.0,12.0,0.0,0.0,0.0,0.0,0.0,Josh Hazlewood,Australia
ODI,91.0,35.0,131.0,161.0,23.0,16.38,81.37,27.0,14.0,3.0,4.0,0.0,0.0,0.0,0.0,0.0,Josh Hazlewood,Australia
T20,52.0,10.0,29.0,27.0,13.0,9.67,107.41,7.0,2.0,1.0,2.0,0.0,0.0,0.0,0.0,0.0,Josh Hazlewood,Australia
IPL,28.0,6.0,19.0,28.0,7.0,0.0,67.86,6.0,1.0,0.0,0.0,0.0,0.0,0.0,0.0,0.0,Josh Hazlewood,Australia
Test,0.0,0.0,0.0,0.0,0.0,0.0,0.0,0.0,0.0,0.0,0.0,0.0,0.0,0.0,0.0,0.0,Marcus Stoinis,Australia
ODI,71.0,64.0,1495.0,1591.0,146.0,26.7,93.97,8.0,134.0,49.0,5.0,6.0,1.0,0.0,0.0,0.0,Marcus Stoinis,Australia
T20,74.0,61.0,1245.0,838.0,78.0,31.92,148.57,22.0,99.0,63.0,2.0,5.0,0.0,0.0,0.0,0.0,Marcus Stoinis,Australia
IPL,97.0,89.0,1886.0,1329.0,124.0,28.15,141.92,22.0,151.0,93.0,9.0,9.0,1.0,0.0,0.0,0.0,Marcus Stoinis,Australia
Test,57.0,102.0,4396.0,8463.0,215.0,46.77,51.95,8.0,490.0,12.0,4.0,23.0,11.0,2.0,0.0,0.0,Marnus Labuschagne,Australia
ODI,63.0,56.0,1869.0,2228.0,124.0,35.94,83.89,4.0,154.0,10.0,3.0,12.0,2.0,0.0,0.0,0.0,Marnus Labuschagne,Australia
T20,1.0,1.0,2.0,4.0,2.0,2.0,50.0,0.0,0.0,0.0,0.0,0.0,0.0,0.0,0.0,0.0,Marnus Labuschagne,Australia
IPL,0.0,0.0,0.0,0.0,0.0,0.0,0.0,0.0,0.0,0.0,0.0,0.0,0.0,0.0,0.0,0.0,Marnus Labuschagne,Australia
Test,36.0,63.0,1613.0,3203.0,117.0,29.87,50.36,9.0,175.0,12.0,3.0,5.0,4.0,0.0,0.0,0.0,Matthew Wade,Australia
ODI,97.0,83.0,1867.0,2288.0,100.0,26.3,81.6,12.0,129.0,34.0,5.0,11.0,1.0,0.0,0.0,0.0,Matthew Wade,Australia
T20,92.0,68.0,1202.0,896.0,80.0,26.13,134.16,22.0,95.0,46.0,1.0,3.0,0.0,0.0,0.0,0.0,Matthew Wade,Australia
IPL,15.0,14.0,183.0,177.0,35.0,13.07,103.39,0.0,23.0,2.0,0.0,0.0,0.0,0.0,0.0,0.0,Matthew Wade,Australia
Test,2.0,3.0,56.0,72.0,35.0,18.67,77.78,0.0,7.0,1.0,0.0,0.0,0.0,0.0,0.0,0.0,Michael Neser,Australia
ODI,4.0,4.0,11.0,29.0,6.0,2.75,37.94,0.0,0.0,0.0,1.0,0.0,0.0,0.0,0.0,0.0,Michael Neser,Australia
T20,0.0,0.0,0.0,0.0,0.0,0.0,0.0,0.0,0.0,0.0,0.0,0.0,0.0,0.0,0.0,0.0,Michael Neser,Australia
IPL,1.0,0.0,0.0,0.0,0.0,0.0,0.0,0.0,0.0,0.0,0.0,0.0,0.0,0.0,0.0,0.0,Michael Neser,Australia
Test,96.0,139.0,2217.0,3689.0,99.0,20.15,60.1,29.0,220.0,49.0,14.0,10.0,0.0,0.0,0.0,0.0,Mitchell Starc,Australia
ODI,127.0,75.0,577.0,744.0,52.0,12.02,77.56,27.0,42.0,14.0,12.0,1.0,0.0,0.0,0.0,0.0,Mitchell Starc,Australia
T20,65.0,21.0,98.0,100.0,14.0,9.8,98.0,11.0,4.0,2.0,0.0,0.0,0.0,0.0,0.0,0.0,Mitchell Starc,Australia
IPL,41.0,18.0,107.0,114.0,29.0,10.7,93.86,8.0,11.0,0.0,2.0,0.0,0.0,0.0,0.0,0.0,Mitchell Starc,Australia
Test,4.0,5.0,28.0,54.0,15.0,7.0,51.86,1.0,3.0,0.0,1.0,0.0,0.0,0.0,0.0,0.0,Mitchell Swepson,Australia
ODI,3.0,1.0,2.0,2.0,2.0,2.0,100.0,0.0,0.0,0.0,0.0,0.0,0.0,0.0,0.0,0.0,Mitchell Swepson,Australia
T20,8.0,5.0,32.0,23.0,14.0,0.0,139.14,5.0,1.0,2.0,0.0,0.0,0.0,0.0,0.0,0.0,Mitchell Swepson,Australia
IPL,0.0,0.0,0.0,0.0,0.0,0.0,0.0,0.0,0.0,0.0,0.0,0.0,0.0,0.0,0.0,0.0,Mitchell Swepson,Australia
Test,4.0,8.0,164.0,346.0,81.0,23.43,47.4,1.0,12.0,2.0,2.0,2.0,0.0,0.0,0.0,0.0,Moises Henriques,Australia
ODI,16.0,15.0,117.0,192.0,22.0,9.0,60.94,2.0,10.0,0.0,0.0,0.0,0.0,0.0,0.0,0.0,Moises Henriques,Australia
T20,24.0,21.0,355.0,285.0,62.0,20.88,124.57,4.0,17.0,15.0,0.0,2.0,0.0,0.0,0.0,0.0,Moises Henriques,Australia
IPL,62.0,54.0,1000.0,788.0,74.0,27.78,126.91,18.0,87.0,28.0,2.0,5.0,0.0,0.0,0.0,0.0,Moises Henriques,Australia
Test,136.0,171.0,1595.0,3110.0,47.0,12.86,51.29,47.0,201.0,14.0,18.0,0.0,0.0,0.0,0.0,0.0,Nathan Lyon,Australia
ODI,29.0,14.0,77.0,83.0,30.0,19.25,92.78,10.0,7.0,2.0,1.0,0.0,0.0,0.0,0.0,0.0,Nathan Lyon,Australia
T20,2.0,1.0,4.0,4.0,4.0,0.0,100.0,1.0,0.0,0.0,0.0,0.0,0.0,0.0,0.0,0.0,Nathan Lyon,Australia
IPL,0.0,0.0,0.0,0.0,0.0,0.0,0.0,0.0,0.0,0.0,0.0,0.0,0.0,0.0,0.0,0.0,Nathan Lyon,Australia
Test,67.0,97.0,1454.0,3155.0,64.0,17.31,46.09,13.0,144.0,31.0,13.0,3.0,0.0,0.0,0.0,0.0,Pat Cummins,Australia
ODI,90.0,59.0,537.0,703.0,37.0,14.51,76.39,22.0,43.0,12.0,8.0,0.0,0.0,0.0,0.0,0.0,Pat Cummins,Australia
T20,57.0,27.0,158.0,133.0,28.0,10.53,118.8,12.0,11.0,7.0,4.0,0.0,0.0,0.0,0.0,0.0,Pat Cummins,Australia
IPL,59.0,42.0,515.0,345.0,66.0,19.81,149.28,16.0,33.0,34.0,4.0,3.0,0.0,0.0,0.0,0.0,Pat Cummins,Australia
Test,0.0,0.0,0.0,0.0,0.0,0.0,0.0,0.0,0.0,0.0,0.0,0.0,0.0,0.0,0.0,0.0,Sean Abbott,Australia
ODI,28.0,21.0,374.0,388.0,69.0,19.68,96.4,2.0,32.0,13.0,1.0,2.0,0.0,0.0,0.0,0.0,Sean Abbott,Australia
T20,20.0,7.0,25.0,27.0,12.0,5.0,92.6,2.0,1.0,1.0,2.0,0.0,0.0,0.0,0.0,0.0,Sean Abbott,Australia
IPL,3.0,3.0,22.0,18.0,14.0,7.33,122.23,0.0,1.0,2.0,0.0,0.0,0.0,0.0,0.0,0.0,Sean Abbott,Australia
Test,116.0,206.0,10271.0,19176.0,239.0,56.75,53.57,25.0,1116.0,61.0,11.0,41.0,36.0,4.0,0.0,0.0,Steven Smith,Australia
ODI,170.0,154.0,5800.0,6669.0,164.0,43.28,86.97,20.0,521.0,58.0,8.0,35.0,12.0,0.0,0.0,0.0,Steven Smith,Australia
T20,67.0,55.0,1094.0,872.0,90.0,24.86,125.46,11.0,96.0,26.0,1.0,5.0,0.0,0.0,0.0,0.0,Steven Smith,Australia
IPL,103.0,93.0,2485.0,1940.0,101.0,34.51,128.1,21.0,225.0,60.0,1.0,11.0,1.0,0.0,0.0,0.0,Steven Smith,Australia
Test,35.0,57.0,1535.0,3355.0,92.0,32.66,45.76,10.0,172.0,4.0,4.0,9.0,0.0,0.0,0.0,0.0,Tim Paine,Australia
ODI,35.0,35.0,890.0,1257.0,111.0,27.81,70.81,3.0,96.0,6.0,1.0,5.0,1.0,0.0,0.0,0.0,Tim Paine,Australia
T20,12.0,9.0,82.0,77.0,25.0,10.25,106.5,1.0,7.0,3.0,2.0,0.0,0.0,0.0,0.0,0.0,Tim Paine,Australia
IPL,2.0,2.0,10.0,26.0,8.0,5.0,38.47,0.0,0.0,0.0,0.0,0.0,0.0,0.0,0.0,0.0,Tim Paine,Australia
Test,56.0,93.0,3719.0,5472.0,175.0,42.75,67.97,6.0,454.0,32.0,7.0,18.0,9.0,0.0,0.0,0.0,Travis Head,Australia
ODI,73.0,70.0,2767.0,2638.0,154.0,43.23,104.9,6.0,315.0,67.0,3.0,17.0,6.0,0.0,0.0,0.0,Travis Head,Australia
T20,38.0,37.0,1093.0,681.0,91.0,33.12,160.5,4.0,114.0,53.0,2.0,5.0,0.0,0.0,0.0,0.0,Travis Head,Australia
IPL,26.0,26.0,839.0,475.0,102.0,38.14,176.64,4.0,85.0,43.0,4.0,6.0,1.0,0.0,0.0,0.0,Travis Head,Australia
Test,1.0,2.0,72.0,126.0,62.0,36.0,57.15,0.0,6.0,0.0,0.0,1.0,0.0,0.0,0.0,0.0,Will Pucovski,Australia
ODI,0.0,0.0,0.0,0.0,0.0,0.0,0.0,0.0,0.0,0.0,0.0,0.0,0.0,0.0,0.0,0.0,Will Pucovski,Australia
T20,0.0,0.0,0.0,0.0,0.0,0.0,0.0,0.0,0.0,0.0,0.0,0.0,0.0,0.0,0.0,0.0,Will Pucovski,Australia
IPL,0.0,0.0,0.0,0.0,0.0,0.0,0.0,0.0,0.0,0.0,0.0,0.0,0.0,0.0,0.0,0.0,Will Pucovski,Australia
Test,3.0,6.0,192.0,359.0,94.0,32.0,53.49,0.0,20.0,1.0,0.0,2.0,0.0,0.0,0.0,0.0,Fakhar Zaman,Pakistan
ODI,86.0,85.0,3651.0,3890.0,210.0,46.22,93.86,6.0,409.0,79.0,6.0,17.0,11.0,1.0,0.0,0.0,Fakhar Zaman,Pakistan
T20,92.0,84.0,1848.0,1390.0,91.0,22.81,132.95,3.0,172.0,76.0,6.0,11.0,0.0,0.0,0.0,0.0,Fakhar Zaman,Pakistan
IPL,0.0,0.0,0.0,0.0,0.0,0.0,0.0,0.0,0.0,0.0,0.0,0.0,0.0,0.0,0.0,0.0,Fakhar Zaman,Pakistan
Test,24.0,46.0,1568.0,3404.0,157.0,37.33,46.07,4.0,170.0,12.0,4.0,9.0,3.0,0.0,0.0,0.0,Imam-ul-Haq,Pakistan
ODI,73.0,72.0,3148.0,3827.0,151.0,47.7,82.26,6.0,253.0,30.0,3.0,20.0,9.0,0.0,0.0,0.0,Imam-ul-Haq,Pakistan
T20,2.0,2.0,21.0,25.0,14.0,10.5,84.0,0.0,2.0,0.0,0.0,0.0,0.0,0.0,0.0,0.0,Imam-ul-Haq,Pakistan
IPL,0.0,0.0,0.0,0.0,0.0,0.0,0.0,0.0,0.0,0.0,0.0,0.0,0.0,0.0,0.0,0.0,Imam-ul-Haq,Pakistan
Test,59.0,108.0,4235.0,7787.0,196.0,42.78,54.39,9.0,495.0,23.0,8.0,29.0,9.0,0.0,0.0,0.0,babar-azam,Pakistan
ODI,128.0,125.0,6106.0,6945.0,158.0,55.51,87.92,15.0,565.0,63.0,4.0,35.0,19.0,0.0,0.0,0.0,babar-azam,Pakistan
T20,128.0,121.0,4223.0,3268.0,122.0,39.84,129.23,15.0,447.0,73.0,7.0,36.0,3.0,0.0,0.0,0.0,babar-azam,Pakistan
IPL,0.0,0.0,0.0,0.0,0.0,0.0,0.0,0.0,0.0,0.0,0.0,0.0,0.0,0.0,0.0,0.0,babar-azam,Pakistan
Test,0.0,0.0,0.0,0.0,0.0,0.0,0.0,0.0,0.0,0.0,0.0,0.0,0.0,0.0,0.0,0.0,asif-ali,Pakistan
ODI,21.0,16.0,382.0,314.0,52.0,25.47,121.66,1.0,22.0,21.0,0.0,3.0,0.0,0.0,0.0,0.0,asif-ali,Pakistan
T20,58.0,51.0,577.0,431.0,41.0,15.18,133.88,13.0,27.0,37.0,4.0,0.0,0.0,0.0,0.0,0.0,asif-ali,Pakistan
IPL,0.0,0.0,0.0,0.0,0.0,0.0,0.0,0.0,0.0,0.0,0.0,0.0,0.0,0.0,0.0,0.0,asif-ali,Pakistan
Test,16.0,27.0,847.0,1936.0,147.0,32.58,43.75,1.0,74.0,13.0,1.0,3.0,2.0,0.0,0.0,0.0,haris-sohail,Pakistan
ODI,45.0,44.0,1749.0,2045.0,130.0,44.85,85.53,5.0,138.0,28.0,1.0,14.0,2.0,0.0,0.0,0.0,haris-sohail,Pakistan
T20,14.0,13.0,210.0,204.0,52.0,19.09,102.95,2.0,16.0,3.0,1.0,2.0,0.0,0.0,0.0,0.0,haris-sohail,Pakistan
IPL,0.0,0.0,0.0,0.0,0.0,0.0,0.0,0.0,0.0,0.0,0.0,0.0,0.0,0.0,0.0,0.0,haris-sohail,Pakistan
Test,55.0,105.0,3652.0,6520.0,224.0,37.65,56.02,8.0,455.0,28.0,8.0,12.0,10.0,1.0,0.0,0.0,mohammad-hafeez,Pakistan
ODI,218.0,216.0,6614.0,8634.0,140.0,32.91,76.61,15.0,664.0,110.0,19.0,38.0,11.0,0.0,0.0,0.0,mohammad-hafeez,Pakistan
T20,119.0,108.0,2514.0,2060.0,99.0,26.46,122.04,13.0,251.0,76.0,7.0,14.0,0.0,0.0,0.0,0.0,mohammad-hafeez,Pakistan
IPL,8.0,8.0,64.0,83.0,16.0,9.14,77.11,1.0,7.0,2.0,0.0,0.0,0.0,0.0,0.0,0.0,mohammad-hafeez,Pakistan
Test,35.0,60.0,1898.0,4155.0,245.0,35.15,45.68,6.0,239.0,17.0,6.0,8.0,3.0,1.0,0.0,0.0,shoaib-malik,Pakistan
ODI,287.0,258.0,7534.0,9199.0,143.0,34.56,81.91,40.0,603.0,113.0,15.0,44.0,9.0,0.0,0.0,0.0,shoaib-malik,Pakistan
T20,124.0,111.0,2435.0,1938.0,75.0,31.22,125.65,33.0,196.0,69.0,2.0,9.0,0.0,0.0,0.0,0.0,shoaib-malik,Pakistan
IPL,7.0,5.0,52.0,47.0,24.0,13.0,110.64,1.0,5.0,0.0,0.0,0.0,0.0,0.0,0.0,0.0,shoaib-malik,Pakistan
Test,6.0,11.0,300.0,479.0,56.0,33.33,62.64,2.0,38.0,0.0,0.0,3.0,0.0,0.0,0.0,0.0,shadab-khan,Pakistan
ODI,70.0,44.0,855.0,997.0,86.0,25.91,85.76,11.0,51.0,19.0,3.0,4.0,0.0,0.0,0.0,0.0,shadab-khan,Pakistan
T20,109.0,56.0,737.0,530.0,52.0,17.55,139.06,14.0,51.0,36.0,6.0,1.0,0.0,0.0,0.0,0.0,shadab-khan,Pakistan
IPL,0.0,0.0,0.0,0.0,0.0,0.0,0.0,0.0,0.0,0.0,0.0,0.0,0.0,0.0,0.0,0.0,shadab-khan,Pakistan
Test,0.0,0.0,0.0,0.0,0.0,0.0,0.0,0.0,0.0,0.0,0.0,0.0,0.0,0.0,0.0,0.0,imad-wasim,Pakistan
ODI,55.0,40.0,986.0,894.0,63.0,42.87,110.3,17.0,91.0,19.0,1.0,5.0,0.0,0.0,0.0,0.0,imad-wasim,Pakistan
T20,75.0,50.0,554.0,426.0,64.0,15.83,130.05,15.0,55.0,12.0,6.0,1.0,0.0,0.0,0.0,0.0,imad-wasim,Pakistan
IPL,0.0,0.0,0.0,0.0,0.0,0.0,0.0,0.0,0.0,0.0,0.0,0.0,0.0,0.0,0.0,0.0,imad-wasim,Pakistan
Test,54.0,95.0,3031.0,4320.0,118.0,36.96,70.17,13.0,309.0,9.0,4.0,21.0,4.0,0.0,0.0,0.0,sarfaraz-ahmed,Pakistan
ODI,117.0,91.0,2315.0,2635.0,105.0,33.55,87.86,22.0,174.0,12.0,1.0,11.0,2.0,0.0,0.0,0.0,sarfaraz-ahmed,Pakistan
T20,61.0,42.0,818.0,653.0,89.0,27.27,125.27,12.0,79.0,15.0,2.0,3.0,0.0,0.0,0.0,0.0,sarfaraz-ahmed,Pakistan
IPL,0.0,0.0,0.0,0.0,0.0,0.0,0.0,0.0,0.0,0.0,0.0,0.0,0.0,0.0,0.0,0.0,sarfaraz-ahmed,Pakistan
Test,56.0,102.0,3538.0,7886.0,218.0,36.1,44.87,4.0,405.0,41.0,5.0,17.0,8.0,1.0,0.0,0.0,Darren Bravo,West Indies
ODI,122.0,117.0,3109.0,4434.0,124.0,29.61,70.12,12.0,252.0,75.0,9.0,18.0,4.0,0.0,0.0,0.0,Darren Bravo,West Indies
T20,26.0,22.0,405.0,379.0,43.0,21.32,106.87,3.0,32.0,14.0,3.0,0.0,0.0,0.0,0.0,0.0,Darren Bravo,West Indies
IPL,1.0,1.0,6.0,5.0,6.0,0.0,120.0,1.0,1.0,0.0,0.0,0.0,0.0,0.0,0.0,0.0,Darren Bravo,West Indies
Test,56.0,102.0,3538.0,7886.0,218.0,36.1,44.87,4.0,405.0,41.0,5.0,17.0,8.0,1.0,0.0,0.0,Chris Gayle,West Indies
ODI,122.0,117.0,3109.0,4434.0,124.0,29.61,70.12,12.0,252.0,75.0,9.0,18.0,4.0,0.0,0.0,0.0,Chris Gayle,West Indies
T20,26.0,22.0,405.0,379.0,43.0,21.32,106.87,3.0,32.0,14.0,3.0,0.0,0.0,0.0,0.0,0.0,Chris Gayle,West Indies
IPL,1.0,1.0,6.0,5.0,6.0,0.0,120.0,1.0,1.0,0.0,0.0,0.0,0.0,0.0,0.0,0.0,Chris Gayle,West Indies
Test,0.0,0.0,0.0,0.0,0.0,0.0,0.0,0.0,0.0,0.0,0.0,0.0,0.0,0.0,0.0,0.0,Evin Lewis,West Indies
ODI,63.0,60.0,2131.0,2472.0,176.0,38.05,86.21,4.0,206.0,69.0,3.0,11.0,5.0,0.0,0.0,0.0,Evin Lewis,West Indies
T20,61.0,60.0,1643.0,1081.0,125.0,28.82,151.99,3.0,125.0,124.0,5.0,12.0,2.0,0.0,0.0,0.0,Evin Lewis,West Indies
IPL,27.0,26.0,654.0,477.0,65.0,27.25,137.11,2.0,62.0,36.0,2.0,4.0,0.0,0.0,0.0,0.0,Evin Lewis,West Indies
Test,16.0,30.0,838.0,1138.0,93.0,27.93,73.64,0.0,85.0,27.0,0.0,5.0,0.0,0.0,0.0,0.0,Shimron Hetmyer,West Indies
ODI,56.0,51.0,1539.0,1460.0,139.0,32.06,105.42,3.0,117.0,56.0,3.0,4.0,5.0,0.0,0.0,0.0,Shimron Hetmyer,West Indies
T20,62.0,52.0,942.0,795.0,81.0,20.04,118.5,5.0,63.0,47.0,4.0,5.0,0.0,0.0,0.0,0.0,Shimron Hetmyer,West Indies
IPL,73.0,67.0,1285.0,835.0,75.0,31.34,153.9,26.0,77.0,86.0,2.0,4.0,0.0,0.0,0.0,0.0,Shimron Hetmyer,West Indies
Test,0.0,0.0,0.0,0.0,0.0,0.0,0.0,0.0,0.0,0.0,0.0,0.0,0.0,0.0,0.0,0.0,Fabian Allen,West Indies
ODI,20.0,16.0,200.0,203.0,51.0,15.38,98.53,3.0,18.0,8.0,2.0,1.0,0.0,0.0,0.0,0.0,Fabian Allen,West Indies
T20,39.0,27.0,272.0,199.0,34.0,15.11,136.69,9.0,16.0,21.0,5.0,0.0,0.0,0.0,0.0,0.0,Fabian Allen,West Indies
IPL,5.0,4.0,14.0,19.0,8.0,7.0,73.69,2.0,1.0,0.0,0.0,0.0,0.0,0.0,0.0,0.0,Fabian Allen,West Indies
Test,69.0,123.0,3073.0,5595.0,202.0,29.83,54.93,20.0,359.0,55.0,11.0,14.0,3.0,1.0,0.0,0.0,Jason Holder,West Indies
ODI,138.0,114.0,2237.0,2479.0,99.0,24.86,90.24,24.0,160.0,69.0,11.0,12.0,0.0,0.0,0.0,0.0,Jason Holder,West Indies
T20,63.0,44.0,491.0,380.0,38.0,16.37,129.22,14.0,31.0,27.0,7.0,0.0,0.0,0.0,0.0,0.0,Jason Holder,West Indies
IPL,46.0,27.0,259.0,210.0,47.0,12.33,123.34,6.0,13.0,18.0,2.0,0.0,0.0,0.0,0.0,0.0,Jason Holder,West Indies
Test,1.0,1.0,2.0,9.0,2.0,2.0,22.23,0.0,0.0,0.0,0.0,0.0,0.0,0.0,0.0,0.0,Andre Russel,West Indies
ODI,56.0,47.0,1034.0,794.0,92.0,27.21,130.23,9.0,94.0,57.0,6.0,4.0,0.0,0.0,0.0,0.0,Andre Russel,West Indies
T20,83.0,72.0,1063.0,648.0,71.0,22.15,164.05,24.0,63.0,89.0,9.0,3.0,0.0,0.0,0.0,0.0,Andre Russel,West Indies
IPL,127.0,106.0,2488.0,1423.0,88.0,28.93,174.85,20.0,171.0,209.0,5.0,11.0,0.0,0.0,0.0,0.0,Andre Russel,West Indies
Test,3.0,5.0,181.0,284.0,69.0,45.25,63.74,1.0,12.0,7.0,1.0,3.0,0.0,0.0,0.0,0.0,Carlos Brathwaite,West Indies
ODI,44.0,37.0,559.0,614.0,101.0,16.44,91.05,3.0,38.0,24.0,2.0,1.0,1.0,0.0,0.0,0.0,Carlos Brathwaite,West Indies
T20,41.0,27.0,310.0,274.0,37.0,14.76,113.14,6.0,13.0,22.0,3.0,0.0,0.0,0.0,0.0,0.0,Carlos Brathwaite,West Indies
IPL,16.0,14.0,181.0,111.0,43.0,13.92,163.07,1.0,10.0,16.0,0.0,0.0,0.0,0.0,0.0,0.0,Carlos Brathwaite,West Indies
