Format,Matches,Innings,Balls,Runs,Maidens,Wickets,Avg,Eco,SR,BBI,BBM,4w,5w,10w,player_name,Country
Test,0,0,0,0,0,0,0.0,0.0,0.0,-/-,-/-,0,0,0,Aftab Alam,Afghanistan
ODI,27,27,1257,1033,14,41,25.2,4.93,30.66,25-Apr,25-Apr,1,0,0,Aftab Alam,Afghanistan
T20,12,12,245,324,0,11,29.45,7.93,22.27,23-Feb,23-Feb,0,0,0,Aftab Alam,Afghanistan
IPL,0,0,0,0,0,0,0.0,0.0,0.0,-/-,-/-,0,0,0,Aftab Alam,Afghanistan
Test,6,2,18,17,0,0,0.0,5.67,0.0,0/1,0/1,0,0,0,Asghar Afghan,Afghanistan
ODI,114,7,139,91,1,3,30.33,3.93,46.33,1-Jan,1-Jan,0,0,0,Asghar Afghan,Afghanistan
T20,75,1,4,4,0,1,4.0,0.0,4.0,4-Jan,4-Jan,0,0,0,Asghar Afghan,Afghanistan
IPL,0,0,0,0,0,0,0.0,0.0,0.0,-/-,-/-,0,0,0,Asghar Afghan,Afghanistan
Test,0,0,0,0,0,0,0.0,0.0,0.0,-/-,-/-,0,0,0,Dawlat Zadran,Afghanistan
ODI,82,80,3769,3423,42,115,29.77,5.45,32.77,22-Apr,22-Apr,3,0,0,Dawlat Zadran,Afghanistan
T20,33,34,741,980,2,40,24.5,7.94,18.52,Apr-44,Apr-44,1,0,0,Dawlat Zadran,Afghanistan
IPL,0,0,0,0,0,0,0.0,0.0,0.0,-/-,-/-,0,0,0,Dawlat Zadran,Afghanistan
Test,0,0,0,0,0,0,0.0,0.0,0.0,-/-,-/-,0,0,0,Gulbadin Naib,Afghanistan
ODI,89,80,2883,2675,12,74,36.15,5.57,38.96,Jun-43,Jun-43,3,1,0,Gulbadin Naib,Afghanistan
T20,74,44,649,860,1,33,26.06,7.95,19.67,20-Apr,20-Apr,1,0,0,Gulbadin Naib,Afghanistan
IPL,2,1,6,12,0,0,0.0,12.0,0.0,0/12,0/12,0,0,0,Gulbadin Naib,Afghanistan
Test,0,0,0,0,0,0,0.0,0.0,0.0,-/-,-/-,0,0,0,Hamid Hassan,Afghanistan
ODI,38,37,1734,1331,25,59,22.56,4.61,29.39,May-45,May-45,2,1,0,Hamid Hassan,Afghanistan
T20,25,25,544,580,2,35,16.57,6.4,15.54,22-Apr,22-Apr,1,0,0,Hamid Hassan,Afghanistan
IPL,0,0,0,0,0,0,0.0,0.0,0.0,-/-,-/-,0,0,0,Hamid Hassan,Afghanistan
Test,10,5,84,59,0,0,0.0,4.21,0.0,0/4,0/4,0,0,0,Hashmatullah Shahidi,Afghanistan
ODI,90,2,18,25,0,0,0.0,8.33,0.0,0/8,0/8,0,0,0,Hashmatullah Shahidi,Afghanistan
T20,6,0,0,0,0,0,0.0,0.0,0.0,-/-,-/-,0,0,0,Hashmatullah Shahidi,Afghanistan
IPL,0,0,0,0,0,0,0.0,0.0,0.0,-/-,-/-,0,0,0,Hashmatullah Shahidi,Afghanistan
Test,0,0,0,0,0,0,0.0,0.0,0.0,-/-,-/-,0,0,0,Hazratullah Zazai,Afghanistan
ODI,16,0,0,0,0,0,0.0,0.0,0.0,-/-,-/-,0,0,0,Hazratullah Zazai,Afghanistan
T20,45,0,0,0,0,0,0.0,0.0,0.0,-/-,-/-,0,0,0,Hazratullah Zazai,Afghanistan
IPL,0,0,0,0,0,0,0.0,0.0,0.0,-/-,-/-,0,0,0,Hazratullah Zazai,Afghanistan
Test,7,1,12,13,0,1,13.0,6.5,12.0,13-Jan,13-Jan,0,0,0,Ibrahim Zadran,Afghanistan
ODI,36,0,0,0,0,0,0.0,0.0,0.0,-/-,-/-,0,0,0,Ibrahim Zadran,Afghanistan
T20,44,0,0,0,0,0,0.0,0.0,0.0,-/-,-/-,0,0,0,Ibrahim Zadran,Afghanistan
IPL,0,0,0,0,0,0,0.0,0.0,0.0,-/-,-/-,0,0,0,Ibrahim Zadran,Afghanistan
Test,3,5,546,254,17,8,31.75,2.79,68.25,Mar-36,Apr-95,0,0,0,Mohammad Nabi,Afghanistan
ODI,173,164,7960,5706,52,176,32.42,4.3,45.23,17-May,17-May,4,1,0,Mohammad Nabi,Afghanistan
T20,131,122,2242,2730,5,97,28.14,7.31,23.11,10-Apr,10-Apr,3,0,0,Mohammad Nabi,Afghanistan
IPL,24,23,417,517,0,15,34.47,7.44,27.8,11-Apr,11-Apr,1,0,0,Mohammad Nabi,Afghanistan
Test,2,0,0,0,0,0,0.0,0.0,0.0,-/-,-/-,0,0,0,Mohammad Shahzad,Afghanistan
ODI,84,0,0,0,0,0,0.0,0.0,0.0,-/-,-/-,0,0,0,Mohammad Shahzad,Afghanistan
T20,72,0,0,0,0,0,0.0,0.0,0.0,-/-,-/-,0,0,0,Mohammad Shahzad,Afghanistan
IPL,0,0,0,0,0,0,0.0,0.0,0.0,-/-,-/-,0,0,0,Mohammad Shahzad,Afghanistan
Test,1,1,90,75,1,1,75.0,5.0,90.0,Jan-75,Jan-75,0,0,0,Muheeb Ur Rahman,Afghanistan
ODI,75,74,3968,2863,39,101,28.35,4.33,39.29,May-50,May-50,3,1,0,Muheeb Ur Rahman,Afghanistan
T20,49,49,1080,1141,1,63,18.11,6.34,17.14,20-May,20-May,1,1,0,Muheeb Ur Rahman,Afghanistan
IPL,19,19,434,592,0,19,31.16,8.18,22.84,27-Mar,27-Mar,0,0,0,Muheeb Ur Rahman,Afghanistan
Test,0,0,0,0,0,0,0.0,0.0,0.0,-/-,-/-,0,0,0,Najibullah Zadran,Afghanistan
ODI,92,2,30,30,0,0,0.0,6.0,0.0,0/9,0/9,0,0,0,Najibullah Zadran,Afghanistan
T20,107,0,0,0,0,0,0.0,0.0,0.0,-/-,-/-,0,0,0,Najibullah Zadran,Afghanistan
IPL,0,0,0,0,0,0,0.0,0.0,0.0,-/-,-/-,0,0,0,Najibullah Zadran,Afghanistan
Test,2,0,0,0,0,0,0.0,0.0,0.0,-/-,-/-,0,0,0,Noor Ali Zadran,Afghanistan
ODI,51,0,0,0,0,0,0.0,0.0,0.0,-/-,-/-,0,0,0,Noor Ali Zadran,Afghanistan
T20,22,0,0,0,0,0,0.0,0.0,0.0,-/-,-/-,0,0,0,Noor Ali Zadran,Afghanistan
IPL,0,0,0,0,0,0,0.0,0.0,0.0,-/-,-/-,0,0,0,Noor Ali Zadran,Afghanistan
Test,11,4,84,53,1,1,53.0,3.79,84.0,30-Jan,Jan-34,0,0,0,Rahmat Shah,Afghanistan
ODI,123,29,543,532,2,15,35.47,5.88,36.2,May-32,May-32,0,1,0,Rahmat Shah,Afghanistan
T20,1,0,0,0,0,0,0.0,0.0,0.0,-/-,-/-,0,0,0,Rahmat Shah,Afghanistan
IPL,0,0,0,0,0,0,0.0,0.0,0.0,-/-,-/-,0,0,0,Rahmat Shah,Afghanistan
Test,6,11,1864,920,53,45,20.44,2.96,41.42,Jul-66,11/104,2,5,3,Rashid Khan,Afghanistan
ODI,114,106,5741,4060,35,199,20.4,4.24,28.85,18-Jul,18-Jul,6,5,0,Rashid Khan,Afghanistan
T20,96,96,2192,2222,1,161,13.8,6.08,13.61,3-May,3-May,8,2,0,Rashid Khan,Afghanistan
IPL,122,122,2883,3300,4,150,22.0,6.87,19.22,24-Apr,24-Apr,2,0,0,Rashid Khan,Afghanistan
Test,0,0,0,0,0,0,0.0,0.0,0.0,-/-,-/-,0,0,0,Samiullah Shinwari,Afghanistan
ODI,84,65,2111,1729,10,45,38.42,4.91,46.91,Apr-31,Apr-31,1,0,0,Samiullah Shinwari,Afghanistan
T20,64,38,634,688,0,28,24.57,6.51,22.64,13-May,13-May,1,1,0,Samiullah Shinwari,Afghanistan
IPL,0,0,0,0,0,0,0.0,0.0,0.0,-/-,-/-,0,0,0,Samiullah Shinwari,Afghanistan
Test,16,0,0,0,0,0,0.0,0.0,0.0,-/-,-/-,0,0,0,Eoin Morgan,England
ODI,248,0,0,0,0,0,0.0,0.0,0.0,-/-,-/-,0,0,0,Eoin Morgan,England
T20,115,0,0,0,0,0,0.0,0.0,0.0,-/-,-/-,0,0,0,Eoin Morgan,England
IPL,83,0,0,0,0,0,0.0,0.0,0.0,-/-,-/-,0,0,0,Eoin Morgan,England
Test,152,156,5851,3221,158,71,45.37,3.3,82.41,5/8,5/33,2,1,0,Joe Root,England
ODI,177,77,1755,1731,2,28,61.82,5.92,62.68,3/52,3/52,0,0,0,Joe Root,England
T20,32,9,84,139,0,6,23.17,9.93,14.0,2/9,2/9,0,0,0,Joe Root,England
IPL,3,1,12,14,0,0,0.0,7.0,0.0,0/14,0/14,0,0,0,Joe Root,England
Test,5,0,0,0,0,0,0.0,0.0,0.0,-/-,-/-,0,0,0,Jason Roy,England
ODI,116,0,0,0,0,0,0.0,0.0,0.0,-/-,-/-,0,0,0,Jason Roy,England
T20,64,0,0,0,0,0,0.0,0.0,0.0,-/-,-/-,0,0,0,Jason Roy,England
IPL,21,0,0,0,0,0,0.0,0.0,0.0,-/-,-/-,0,0,0,Jason Roy,England
Test,22,8,222,131,4,2,65.5,3.54,111.0,2/33,2/33,0,0,0,Dawid Malan,England
ODI,30,2,15,17,0,1,17.0,6.8,15.0,1/5,1/5,0,0,0,Dawid Malan,England
T20,62,1,12,27,0,1,27.0,13.5,12.0,1/27,1/27,0,0,0,Dawid Malan,England
IPL,1,0,0,0,0,0,0.0,0.0,0.0,-/-,-/-,0,0,0,Dawid Malan,England
Test,68,119,12610,7612,292,204,37.31,3.62,61.81,6/53,10/112,13,5,1,Moeen Ali,England
ODI,138,128,5988,5311,13,111,47.85,5.32,53.95,4/46,4/46,2,0,0,Moeen Ali,England
T20,92,71,999,1384,1,51,27.14,8.31,19.59,3/24,3/24,0,0,0,Moeen Ali,England
IPL,67,52,758,893,0,35,25.51,7.07,21.66,4/26,4/26,1,0,0,Moeen Ali,England
Test,110,160,12252,6798,359,210,32.37,3.33,58.34,6/22,8/161,8,4,0,Ben Stokes,England
ODI,114,88,3110,3137,8,74,42.39,6.05,42.03,5/61,5/61,1,1,0,Ben Stokes,England
T20,43,36,612,856,1,26,32.92,8.39,23.54,3/26,3/26,0,0,0,Ben Stokes,England
IPL,45,38,689,992,2,28,35.43,8.64,24.61,3/15,3/15,0,0,0,Ben Stokes,England
Test,1,0,0,0,0,0,0.0,0.0,0.0,-/-,-/-,0,0,0,Liam Livingstone,England
ODI,39,31,968,982,2,25,39.28,6.09,38.72,3/16,3/16,0,0,0,Liam Livingstone,England
T20,60,41,576,838,1,33,25.39,8.73,17.45,3/17,3/17,0,0,0,Liam Livingstone,England
IPL,40,23,270,407,0,11,37.0,9.04,24.55,3/27,3/27,0,0,0,Liam Livingstone,England
Test,57,109,10133,5112,380,181,28.24,3.03,55.98,6/17,11/102,5,5,1,Chris Woakes,England
ODI,122,118,5737,5193,53,173,30.02,5.43,33.16,6/45,6/45,11,3,0,Chris Woakes,England
T20,33,33,611,822,1,31,26.52,8.07,19.71,3/4,3/4,0,0,0,Chris Woakes,England
IPL,21,21,440,658,0,30,21.93,8.97,14.67,3/6,3/6,0,0,0,Chris Woakes,England
Test,2,3,396,200,14,2,100.0,3.03,198.0,1/65,1/82,0,0,0,Tom Curran,England
ODI,28,28,1308,1290,8,34,37.94,5.92,38.47,5/35,5/35,2,1,0,Tom Curran,England
T20,30,29,588,907,1,29,31.28,9.26,20.28,4/36,4/36,1,0,0,Tom Curran,England
IPL,13,13,238,430,0,13,33.08,10.84,18.31,3/29,3/29,0,0,0,Tom Curran,England
Test,0,0,0,0,0,0,0.0,0.0,0.0,-/-,-/-,0,0,0,Lewis Gregory,England
ODI,3,3,114,97,1,4,24.25,5.11,28.5,3/44,3/44,0,0,0,Lewis Gregory,England
T20,9,5,78,117,0,2,58.5,9.0,39.0,1/10,1/10,0,0,0,Lewis Gregory,England
IPL,0,0,0,0,0,0,0.0,0.0,0.0,-/-,-/-,0,0,0,Lewis Gregory,England
Test,24,42,3091,1669,96,47,35.51,3.24,65.77,4/58,5/92,2,0,0,Sam Curran,England
ODI,35,35,1325,1376,10,33,41.7,6.23,40.15,5/48,5/48,1,1,0,Sam Curran,England
T20,58,57,1043,1462,2,54,27.07,8.41,19.31,5/10,5/10,0,1,0,Sam Curran,England
IPL,60,59,1187,1913,0,58,32.98,9.67,20.47,4/11,4/11,1,0,0,Sam Curran,England
Test,100,0,0,0,0,0,0.0,0.0,0.0,-/-,-/-,0,0,0,Jonny Bairstow,England
ODI,107,0,0,0,0,0,0.0,0.0,0.0,-/-,-/-,0,0,0,Jonny Bairstow,England
T20,80,0,0,0,0,0,0.0,0.0,0.0,-/-,-/-,0,0,0,Jonny Bairstow,England
IPL,50,0,0,0,0,0,0.0,0.0,0.0,-/-,-/-,0,0,0,Jonny Bairstow,England
Test,57,0,0,0,0,0,0.0,0.0,0.0,-/-,-/-,0,0,0,Jos Buttler,England
ODI,187,0,0,0,0,0,0.0,0.0,0.0,-/-,-/-,0,0,0,Jos Buttler,England
T20,134,0,0,0,0,0,0.0,0.0,0.0,-/-,-/-,0,0,0,Jos Buttler,England
IPL,108,0,0,0,0,0,0.0,0.0,0.0,-/-,-/-,0,0,0,Jos Buttler,England
Test,3,0,0,0,0,0,0.0,0.0,0.0,-/-,-/-,0,0,0,Sam Billings,England
ODI,28,0,0,0,0,0,0.0,0.0,0.0,-/-,-/-,0,0,0,Sam Billings,England
T20,37,0,0,0,0,0,0.0,0.0,0.0,-/-,-/-,0,0,0,Sam Billings,England
IPL,30,0,0,0,0,0,0.0,0.0,0.0,-/-,-/-,0,0,0,Sam Billings,England
Test,19,34,3816,2390,50,60,39.83,3.76,63.6,5/49,7/178,5,2,0,Adil Rashid,England
ODI,149,143,7517,7058,14,215,32.83,5.63,34.96,5/27,5/27,9,2,0,Adil Rashid,England
T20,124,119,2600,3190,5,131,24.35,7.36,19.85,4/2,4/2,3,0,0,Adil Rashid,England
IPL,3,3,60,91,0,2,45.5,9.1,30.0,2/23,2/23,0,0,0,Adil Rashid,England
Test,13,24,2609,1304,95,42,31.05,3.0,62.12,6/45,8/85,0,3,0,Jofra Archer,England
ODI,31,31,1631,1421,18,54,26.31,5.23,30.2,6/40,6/40,0,1,0,Jofra Archer,England
T20,34,34,754,1002,2,41,24.44,7.97,18.39,4/33,4/33,1,0,0,Jofra Archer,England
IPL,41,41,969,1247,2,48,25.98,7.72,20.19,3/15,3/15,0,0,0,Jofra Archer,England
Test,5,9,610,400,17,17,23.53,3.93,35.88,3/29,4/68,0,0,0,Olly Stone,England
ODI,10,9,394,399,2,9,44.33,6.08,43.78,4/85,4/85,1,0,0,Olly Stone,England
T20,1,1,24,36,0,0,0.0,9.0,0.0,0/36,0/36,0,0,0,Olly Stone,England
IPL,0,0,0,0,0,0,0.0,0.0,0.0,-/-,-/-,0,0,0,Olly Stone,England
Test,0,0,0,0,0,0,0.0,0.0,0.0,-/-,-/-,0,0,0,Reece Topley,England
ODI,30,30,1392,1257,17,47,26.74,5.42,29.62,6/24,6/24,2,1,0,Reece Topley,England
T20,35,35,706,978,0,33,29.64,8.31,21.39,3/22,3/22,0,0,0,Reece Topley,England
IPL,5,5,102,182,0,5,36.4,10.71,20.4,2/27,2/27,0,0,0,Reece Topley,England
Test,8,16,1530,752,74,21,35.81,2.95,72.86,4/18,7/50,1,0,0,Chris Jordan,England
ODI,35,35,1660,1660,5,46,36.09,6.0,36.09,5/29,5/29,0,1,0,Chris Jordan,England
T20,95,94,1953,2846,2,108,26.35,8.74,18.08,4/6,4/6,4,0,0,Chris Jordan,England
IPL,34,34,668,1070,1,30,35.67,9.61,22.27,4/11,4/11,1,0,0,Chris Jordan,England
Test,123,11,175,84,2,0,0.0,2.88,0.0,0/0,0/0,0,0,0,Virat Kohli,India
ODI,302,50,662,680,1,5,136.0,6.16,132.4,1/13,1/13,0,0,0,Virat Kohli,India
T20,125,13,152,204,0,4,51.0,8.05,38.0,1/13,1/13,0,0,0,Virat Kohli,India
IPL,253,26,251,368,0,4,92.0,8.8,62.75,2/25,2/25,0,0,0,Virat Kohli,India
Test,67,16,383,224,5,2,112.0,3.51,191.5,1/26,1/35,0,0,0,Rohit Sharma,India
ODI,273,40,610,533,2,9,59.22,5.24,67.78,2/27,2/27,0,0,0,Rohit Sharma,India
T20,159,9,68,113,0,1,113.0,9.97,68.0,1/22,1/22,0,0,0,Rohit Sharma,India
IPL,258,32,339,453,0,15,30.2,8.02,22.6,4/6,4/6,1,0,0,Rohit Sharma,India
Test,34,5,54,18,2,0,0.0,2.0,0.0,0/0,0/0,0,0,0,Shikhar Dhawan,India
ODI,167,0,0,0,0,0,0.0,0.0,0.0,-/-,-/-,0,0,0,Shikhar Dhawan,India
T20,68,0,0,0,0,0,0.0,0.0,0.0,-/-,-/-,0,0,0,Shikhar Dhawan,India
IPL,222,6,48,66,0,4,16.5,8.25,12.0,1/7,1/7,0,0,0,Shikhar Dhawan,India
Test,32,1,7,1,0,0,0.0,0.86,0.0,0/1,0/1,0,0,0,Shubman Gill,India
ODI,55,2,18,25,0,0,0.0,8.33,0.0,0/11,0/11,0,0,0,Shubman Gill,India
T20,21,0,0,0,0,0,0.0,0.0,0.0,-/-,-/-,0,0,0,Shubman Gill,India
IPL,104,0,0,0,0,0,0.0,0.0,0.0,-/-,-/-,0,0,0,Shubman Gill,India
Test,14,1,6,2,0,0,0.0,2.0,0.0,0/2,0/2,0,0,0,Shreyas Iyer,India
ODI,70,5,37,39,0,0,0.0,6.32,0.0,0/1,0/1,0,0,0,Shreyas Iyer,India
T20,51,1,2,2,0,0,0.0,0.0,0.0,0/2,0/2,0,0,0,Shreyas Iyer,India
IPL,116,1,6,7,0,0,0.0,7.0,0.0,0/7,0/7,0,0,0,Shreyas Iyer,India
Test,0,0,0,0,0,0,0.0,0.0,0.0,-/-,-/-,0,0,0,Manish Pandey,India
ODI,29,0,0,0,0,0,0.0,0.0,0.0,-/-,-/-,0,0,0,Manish Pandey,India
T20,39,0,0,0,0,0,0.0,0.0,0.0,-/-,-/-,0,0,0,Manish Pandey,India
IPL,171,0,0,0,0,0,0.0,0.0,0.0,-/-,-/-,0,0,0,Manish Pandey,India
Test,21,0,0,0,0,0,0.0,0.0,0.0,-/-,-/-,0,0,0,Mayank Agarwal,India
ODI,5,1,6,10,0,0,0.0,10.0,0.0,0/10,0/10,0,0,0,Mayank Agarwal,India
T20,0,0,0,0,0,0,0.0,0.0,0.0,-/-,-/-,0,0,0,Mayank Agarwal,India
IPL,127,0,0,0,0,0,0.0,0.0,0.0,-/-,-/-,0,0,0,Mayank Agarwal,India
Test,5,0,0,0,0,0,0.0,0.0,0.0,-/-,-/-,0,0,0,Prithvi Shaw,India
ODI,6,0,0,0,0,0,0.0,0.0,0.0,-/-,-/-,0,0,0,Prithvi Shaw,India
T20,1,0,0,0,0,0,0.0,0.0,0.0,-/-,-/-,0,0,0,Prithvi Shaw,India
IPL,79,0,0,0,0,0,0.0,0.0,0.0,-/-,-/-,0,0,0,Prithvi Shaw,India
Test,103,2,12,3,0,0,0.0,1.5,0.0,0/1,0/1,0,0,0,Cheteshwar Pujara,India
ODI,5,0,0,0,0,0,0.0,0.0,0.0,-/-,-/-,0,0,0,Cheteshwar Pujara,India
T20,0,0,0,0,0,0,0.0,0.0,0.0,-/-,-/-,0,0,0,Cheteshwar Pujara,India
IPL,30,0,0,0,0,0,0.0,0.0,0.0,-/-,-/-,0,0,0,Cheteshwar Pujara,India
Test,85,0,0,0,0,0,0.0,0.0,0.0,-/-,-/-,0,0,0,Ajinkya Rahane,India
ODI,90,0,0,0,0,0,0.0,0.0,0.0,-/-,-/-,0,0,0,Ajinkya Rahane,India
T20,20,0,0,0,0,0,0.0,0.0,0.0,-/-,-/-,0,0,0,Ajinkya Rahane,India
IPL,186,1,6,5,0,1,5.0,5.0,6.0,1/5,1/5,0,0,0,Ajinkya Rahane,India
Test,0,0,0,0,0,0,0.0,0.0,0.0,-/-,-/-,0,0,0,Ruturaj Gaikwad,India
ODI,6,0,0,0,0,0,0.0,0.0,0.0,-/-,-/-,0,0,0,Ruturaj Gaikwad,India
T20,23,0,0,0,0,0,0.0,0.0,0.0,-/-,-/-,0,0,0,Ruturaj Gaikwad,India
IPL,67,0,0,0,0,0,0.0,0.0,0.0,-/-,-/-,0,0,0,Ruturaj Gaikwad,India
Test,11,19,937,528,19,17,31.06,3.38,55.12,5/28,6/50,0,1,0,Hardik Pandya,India
ODI,94,88,3460,3231,16,91,35.51,5.6,38.02,4/24,4/24,1,0,0,Hardik Pandya,India
T20,114,102,1817,2485,4,94,26.44,8.21,19.33,4/16,4/16,3,0,0,Hardik Pandya,India
IPL,137,93,1418,2150,0,64,33.59,9.1,22.16,3/17,3/17,0,0,0,Hardik Pandya,India
Test,16,10,345,180,10,5,36.0,3.13,69.0,3/37,3/38,0,0,0,Hanuma Vihari,India
ODI,0,0,0,0,0,0,0.0,0.0,0.0,-/-,-/-,0,0,0,Hanuma Vihari,India
T20,0,0,0,0,0,0,0.0,0.0,0.0,-/-,-/-,0,0,0,Hanuma Vihari,India
IPL,24,6,42,47,0,1,47.0,6.71,42.0,1/5,1/5,0,0,0,Hanuma Vihari,India
Test,80,150,18473,7798,729,323,24.14,2.53,57.19,7/42,10/110,13,15,3,Ravindra Jadeja,India
ODI,204,196,10116,8180,59,231,35.41,4.85,43.79,5/33,5/33,7,2,0,Ravindra Jadeja,India
T20,74,71,1356,1612,4,54,29.85,7.13,25.11,3/15,3/15,0,0,0,Ravindra Jadeja,India
IPL,241,212,3847,4885,2,160,30.53,7.62,24.04,5/16,5/16,3,1,0,Ravindra Jadeja,India
Test,11,19,1449,880,36,31,28.39,3.64,46.74,7/61,8/108,1,1,0,Shardul Thakur,India
ODI,47,46,1940,2014,10,65,30.98,6.23,29.85,4/37,4/37,3,0,0,Shardul Thakur,India
T20,25,24,506,772,0,33,23.39,9.15,15.33,4/27,4/27,1,0,0,Shardul Thakur,India
IPL,96,93,1878,2888,3,96,30.08,9.23,19.56,4/36,4/36,1,0,0,Shardul Thakur,India
Test,106,200,27246,12891,907,537,24.01,2.84,50.74,7/59,13/140,25,37,8,Ravichandran Ashwin,India
ODI,116,114,6303,5180,37,156,33.21,4.93,40.4,4/25,4/25,1,0,0,Ravichandran Ashwin,India
T20,65,65,1452,1672,3,72,23.22,6.91,20.17,4/8,4/8,2,0,0,Ravichandran Ashwin,India
IPL,212,209,4548,5400,4,181,29.83,7.12,25.13,4/34,4/34,1,0,0,Ravichandran Ashwin,India
Test,58,0,0,0,0,0,0.0,0.0,0.0,-/-,-/-,0,0,0,KL Rahul,India
ODI,85,0,0,0,0,0,0.0,0.0,0.0,-/-,-/-,0,0,0,KL Rahul,India
T20,72,0,0,0,0,0,0.0,0.0,0.0,-/-,-/-,0,0,0,KL Rahul,India
IPL,132,0,0,0,0,0,0.0,0.0,0.0,-/-,-/-,0,0,0,KL Rahul,India
Test,0,0,0,0,0,0,0.0,0.0,0.0,-/-,-/-,0,0,0,Sanju Samson,India
ODI,16,0,0,0,0,0,0.0,0.0,0.0,-/-,-/-,0,0,0,Sanju Samson,India
T20,42,0,0,0,0,0,0.0,0.0,0.0,-/-,-/-,0,0,0,Sanju Samson,India
IPL,168,0,0,0,0,0,0.0,0.0,0.0,-/-,-/-,0,0,0,Sanju Samson,India
Test,40,0,0,0,0,0,0.0,0.0,0.0,-/-,-/-,0,0,0,Wriddhiman Saha,India
ODI,9,0,0,0,0,0,0.0,0.0,0.0,-/-,-/-,0,0,0,Wriddhiman Saha,India
T20,0,0,0,0,0,0,0.0,0.0,0.0,-/-,-/-,0,0,0,Wriddhiman Saha,India
IPL,170,0,0,0,0,0,0.0,0.0,0.0,-/-,-/-,0,0,0,Wriddhiman Saha,India
Test,43,0,0,0,0,0,0.0,0.0,0.0,-/-,-/-,0,0,0,Rishabh Pant,India
ODI,31,0,0,0,0,0,0.0,0.0,0.0,-/-,-/-,0,0,0,Rishabh Pant,India
T20,76,0,0,0,0,0,0.0,0.0,0.0,-/-,-/-,0,0,0,Rishabh Pant,India
IPL,112,0,0,0,0,0,0.0,0.0,0.0,-/-,-/-,0,0,0,Rishabh Pant,India
Test,64,122,11515,6346,364,229,27.71,3.31,50.28,6/56,9/118,12,6,0,Mohammed Shami,India
ODI,108,107,5326,4955,52,206,24.05,5.58,25.85,7/57,7/57,10,6,0,Mohammed Shami,India
T20,25,25,510,761,1,27,28.19,8.95,18.89,3/15,3/15,0,0,0,Mohammed Shami,India
IPL,111,111,2444,3444,3,128,26.91,8.45,19.09,4/11,4/11,2,0,0,Mohammed Shami,India
Test,45,86,8630,3977,344,205,19.4,2.77,42.1,6/27,9/86,7,13,0,Jasprit Bumrah,India
ODI,89,88,4580,3509,57,149,23.55,4.6,30.74,6/19,6/19,6,2,0,Jasprit Bumrah,India
T20,70,69,1509,1579,12,89,17.74,6.28,16.96,3/7,3/7,0,0,0,Jasprit Bumrah,India
IPL,133,133,3053,3716,7,165,22.52,7.3,18.5,5/10,5/10,2,2,0,Jasprit Bumrah,India
Test,13,24,2093,1241,46,56,22.16,3.56,37.38,5/40,8/113,3,4,0,Kuldeep Yadav,India
ODI,113,110,5754,4786,30,181,26.44,4.99,31.79,6/25,6/25,7,2,0,Kuldeep Yadav,India
T20,40,39,860,971,2,69,14.07,6.77,12.46,5/17,5/17,1,2,0,Kuldeep Yadav,India
IPL,85,83,1770,2408,1,89,27.06,8.16,19.89,4/14,4/14,4,0,0,Kuldeep Yadav,India
Test,0,0,0,0,0,0,0.0,0.0,0.0,-/-,-/-,0,0,0,Yuzvendra Chahal,India
ODI,72,69,3739,3283,14,121,27.13,5.27,30.9,6/42,6/42,5,2,0,Yuzvendra Chahal,India
T20,80,79,1764,2409,2,96,25.09,8.19,18.38,6/25,6/25,2,1,0,Yuzvendra Chahal,India
IPL,161,160,3539,4636,4,205,22.61,7.86,17.26,5/40,5/40,6,1,0,Yuzvendra Chahal,India
Test,2,4,251,172,5,4,43.0,4.11,62.75,2/54,4/119,0,0,0,Navdeep Saini,India
ODI,8,8,420,481,0,6,80.17,6.87,70.0,2/58,2/58,0,0,0,Navdeep Saini,India
T20,11,9,197,235,1,13,18.08,7.16,15.15,3/17,3/17,0,0,0,Navdeep Saini,India
IPL,32,32,658,974,1,23,42.35,8.88,28.61,3/40,3/40,0,0,0,Navdeep Saini,India
Test,57,112,8979,5263,245,170,30.96,3.52,52.82,6/88,10/133,6,3,1,Umesh Yadav,India
ODI,75,73,3558,3565,23,106,33.63,6.01,33.57,4/31,4/31,4,0,0,Umesh Yadav,India
T20,9,9,180,280,0,12,23.33,9.33,15.0,2/19,2/19,0,0,0,Umesh Yadav,India
IPL,148,147,3050,4317,5,144,29.98,8.49,21.18,4/23,4/23,3,0,0,Umesh Yadav,India
Test,36,67,5306,3074,164,100,30.74,3.48,53.06,6/15,8/126,6,3,0,Mohammed Siraj,India
ODI,44,43,1975,1708,32,71,24.06,5.19,27.82,6/21,6/21,2,1,0,Mohammed Siraj,India
T20,16,16,348,452,2,14,32.29,7.79,24.86,4/17,4/17,1,0,0,Mohammed Siraj,India
IPL,94,94,1982,2876,4,93,30.92,8.71,21.31,4/21,4/21,2,0,0,Mohammed Siraj,India
Test,47,18,428,298,9,8,37.25,4.18,53.5,3/11,3/11,0,0,0,Martin Guptil,NewZeland
ODI,198,12,109,98,0,4,24.5,5.39,27.25,2/6,2/6,0,0,0,Martin Guptil,NewZeland
T20,122,1,6,11,0,0,0.0,11.0,0.0,0/11,0/11,0,0,0,Martin Guptil,NewZeland
IPL,13,0,0,0,0,0,0.0,0.0,0.0,-/-,-/-,0,0,0,Martin Guptil,NewZeland
Test,112,8,99,48,3,3,16.0,2.91,33.0,2/4,2/4,0,0,0,Ross Taylor,NewZeland
ODI,236,6,42,35,0,0,0.0,5.0,0.0,0/0,0/0,0,0,0,Ross Taylor,NewZeland
T20,102,0,0,0,0,0,0.0,0.0,0.0,-/-,-/-,0,0,0,Ross Taylor,NewZeland
IPL,55,2,12,24,0,0,0.0,12.0,0.0,0/11,0/11,0,0,0,Ross Taylor,NewZeland
Test,105,67,2151,1207,48,30,40.23,3.37,71.7,4/44,4/44,1,0,0,Kane Williamson,NewZeland
ODI,173,65,1467,1310,2,37,35.41,5.36,39.65,4/22,4/22,1,0,0,Kane Williamson,NewZeland
T20,93,12,118,164,0,6,27.33,8.34,19.67,2/16,2/16,0,0,0,Kane Williamson,NewZeland
IPL,79,2,18,31,0,0,0.0,10.33,0.0,0/7,0/7,0,0,0,Kane Williamson,NewZeland
Test,1,1,108,40,4,2,20.0,2.22,54.0,2/40,2/40,0,0,0,Colin Munro,NewZeland
ODI,57,25,552,481,1,7,68.71,5.23,78.86,2/10,2/10,0,0,0,Colin Munro,NewZeland
T20,65,12,118,186,0,4,46.5,9.46,29.5,1/12,1/12,0,0,0,Colin Munro,NewZeland
IPL,13,2,12,15,0,0,0.0,7.5,0.0,0/7,0/7,0,0,0,Colin Munro,NewZeland
Test,56,0,0,0,0,0,0.0,0.0,0.0,-/-,-/-,0,0,0,Henry Nicholls,NewZeland
ODI,78,0,0,0,0,0,0.0,0.0,0.0,-/-,-/-,0,0,0,Henry Nicholls,NewZeland
T20,10,0,0,0,0,0,0.0,0.0,0.0,-/-,-/-,0,0,0,Henry Nicholls,NewZeland
IPL,0,0,0,0,0,0,0.0,0.0,0.0,-/-,-/-,0,0,0,Henry Nicholls,NewZeland
Test,12,21,1076,675,18,14,48.21,3.76,76.86,3/42,3/42,0,0,0,James Neesham,NewZeland
ODI,76,72,2448,2556,6,71,36.0,6.26,34.48,5/27,5/27,2,2,0,James Neesham,NewZeland
T20,83,57,771,1149,0,47,24.45,8.94,16.4,5/22,5/22,0,1,0,James Neesham,NewZeland
IPL,14,13,216,334,0,8,41.75,9.28,27.0,3/12,3/12,0,0,0,James Neesham,NewZeland
Test,29,53,4054,1615,163,49,32.96,2.39,82.73,6/41,7/64,1,1,0,Colin de Grandhomme,NewZeland
ODI,45,45,1548,1230,10,30,41.0,4.77,51.6,3/26,3/26,0,0,0,Colin de Grandhomme,NewZeland
T20,41,21,321,461,0,12,38.42,8.62,26.75,2/22,2/22,0,0,0,Colin de Grandhomme,NewZeland
IPL,25,19,216,319,0,6,53.17,8.86,36.0,3/4,3/4,0,0,0,Colin de Grandhomme,NewZeland
Test,30,51,5346,2526,178,74,34.14,2.84,72.24,7/53,13/157,1,2,1,Mitchell Santner,NewZeland
ODI,118,112,5607,4505,24,126,35.75,4.82,44.5,5/50,5/50,0,2,0,Mitchell Santner,NewZeland
T20,109,107,2268,2661,2,120,22.18,7.04,18.9,4/11,4/11,3,0,0,Mitchell Santner,NewZeland
IPL,19,19,379,446,0,15,29.73,7.06,25.27,2/13,2/13,0,0,0,Mitchell Santner,NewZeland
Test,88,0,0,0,0,0,0.0,0.0,0.0,-/-,-/-,0,0,0,Tom Latham,NewZeland
ODI,157,0,0,0,0,0,0.0,0.0,0.0,-/-,-/-,0,0,0,Tom Latham,NewZeland
T20,26,0,0,0,0,0,0.0,0.0,0.0,-/-,-/-,0,0,0,Tom Latham,NewZeland
IPL,0,0,0,0,0,0,0.0,0.0,0.0,-/-,-/-,0,0,0,Tom Latham,NewZeland
Test,40,1,18,13,0,0,0.0,4.33,0.0,0/13,0/13,0,0,0,Tom Blundell,NewZeland
ODI,12,0,0,0,0,0,0.0,0.0,0.0,-/-,-/-,0,0,0,Tom Blundell,NewZeland
T20,9,0,0,0,0,0,0.0,0.0,0.0,-/-,-/-,0,0,0,Tom Blundell,NewZeland
IPL,0,0,0,0,0,0,0.0,0.0,0.0,-/-,-/-,0,0,0,Tom Blundell,NewZeland
Test,78,149,17417,8717,655,317,27.5,3.0,54.94,6/30,10/80,18,10,1,Trent Boult,NewZeland
ODI,114,113,6180,5146,76,211,24.39,5.0,29.29,7/34,7/34,10,6,0,Trent Boult,NewZeland
T20,61,61,1389,1779,4,83,21.43,7.68,16.73,4/13,4/13,2,0,0,Trent Boult,NewZeland
IPL,104,104,2355,3257,11,121,26.92,8.3,19.46,4/18,4/18,1,0,0,Trent Boult,NewZeland
Test,30,59,6750,3581,231,120,29.84,3.18,56.25,7/23,9/55,6,4,0,Matt Henry,NewZeland
ODI,91,89,4734,4094,57,165,24.81,5.19,28.69,5/30,5/30,12,3,0,Matt Henry,NewZeland
T20,21,20,462,639,1,27,23.67,8.3,17.11,3/32,3/32,0,0,0,Matt Henry,NewZeland
IPL,6,6,102,181,0,2,90.5,10.65,51.0,1/28,1/28,0,0,0,Matt Henry,NewZeland
Test,107,203,23490,11832,888,391,30.26,3.02,60.08,7/64,10/108,19,15,1,Tim Southee,NewZeland
ODI,161,159,8075,7447,80,221,33.7,5.53,36.54,7/33,7/33,5,3,0,Tim Southee,NewZeland
T20,125,123,2753,3671,7,164,22.38,8.0,16.79,5/18,5/18,2,2,0,Tim Southee,NewZeland
IPL,54,54,1206,1742,2,47,37.06,8.67,25.66,3/20,3/20,0,0,0,Tim Southee,NewZeland
Test,21,38,4043,2500,91,58,43.1,3.71,69.71,6/86,8/173,2,1,0,Ish Sodhi,NewZeland
ODI,55,51,2587,2384,12,64,37.25,5.53,40.42,6/39,6/39,1,1,0,Ish Sodhi,NewZeland
T20,124,119,2501,3333,0,144,23.15,8.0,17.37,4/28,4/28,3,0,0,Ish Sodhi,NewZeland
IPL,8,8,181,202,1,9,22.44,6.7,20.11,3/26,3/26,0,0,0,Ish Sodhi,NewZeland
Test,1,1,66,47,1,0,0.0,4.27,0.0,0/47,0/47,0,0,0,Lockie Ferguson,NewZeland
ODI,65,64,3300,3124,13,99,31.56,5.68,33.33,5/45,5/45,2,1,0,Lockie Ferguson,NewZeland
T20,43,43,919,1087,5,64,16.98,7.1,14.36,5/21,5/21,2,1,0,Lockie Ferguson,NewZeland
IPL,45,45,955,1426,1,46,31.0,8.96,20.76,4/28,4/28,1,0,0,Lockie Ferguson,NewZeland
Test,45,21,483,254,9,3,84.67,3.16,161.0,2/27,2/27,0,0,0,Aiden Markram,South Africa
ODI,77,37,1085,1017,2,20,50.85,5.62,54.25,2/18,2/18,0,0,0,Aiden Markram,South Africa
T20,57,30,342,487,2,13,37.46,8.54,26.31,3/21,3/21,0,0,0,Aiden Markram,South Africa
IPL,45,14,121,172,0,2,86.0,8.53,60.5,1/8,1/8,0,0,0,Aiden Markram,South Africa
Test,4,8,250,147,9,11,13.36,3.53,22.73,3/13,5/25,0,0,0,Andile Phehlukwayo,South Africa
ODI,85,79,3175,3040,17,97,31.34,5.74,32.73,4/22,4/22,3,0,0,Andile Phehlukwayo,South Africa
T20,42,39,748,1112,0,50,22.24,8.92,14.96,4/24,4/24,1,0,0,Andile Phehlukwayo,South Africa
IPL,0,0,0,0,0,0,0.0,0.0,0.0,-/-,-/-,0,0,0,Andile Phehlukwayo,South Africa
Test,1,2,231,175,5,6,29.17,4.55,38.5,5/64,6/175,0,1,0,Beuran Hendricks,South Africa
ODI,10,8,386,346,2,10,34.6,5.38,38.6,3/59,3/59,0,0,0,Beuran Hendricks,South Africa
T20,19,19,409,627,0,25,25.08,9.2,16.36,4/14,4/14,1,0,0,Beuran Hendricks,South Africa
IPL,7,7,150,235,0,9,26.11,9.4,16.67,3/36,3/36,0,0,0,Beuran Hendricks,South Africa
Test,4,8,623,459,15,12,38.25,4.42,51.92,3/38,5/45,0,0,0,Chris Morris,South Africa
ODI,42,40,1894,1756,10,48,36.58,5.56,39.46,4/31,4/31,2,0,0,Chris Morris,South Africa
T20,23,23,498,697,3,34,20.5,8.4,14.65,4/27,4/27,1,0,0,Chris Morris,South Africa
IPL,81,81,1720,2295,1,95,24.16,8.01,18.11,4/23,4/23,4,0,0,Chris Morris,South Africa
Test,0,0,0,0,0,0,0.0,0.0,0.0,-/-,-/-,0,0,0,David Miller,South Africa
ODI,178,0,0,0,0,0,0.0,0.0,0.0,-/-,-/-,0,0,0,David Miller,South Africa
T20,130,0,0,0,0,0,0.0,0.0,0.0,-/-,-/-,0,0,0,David Miller,South Africa
IPL,131,0,0,0,0,0,0.0,0.0,0.0,-/-,-/-,0,0,0,David Miller,South Africa
Test,3,6,480,252,22,7,36.0,3.15,68.57,2/26,3/82,0,0,0,Dwaine Pretorius,South Africa
ODI,27,26,1144,947,9,35,27.06,4.97,32.69,4/36,4/36,1,0,0,Dwaine Pretorius,South Africa
T20,30,27,504,696,0,35,19.89,8.29,14.4,5/17,5/17,0,1,0,Dwaine Pretorius,South Africa
IPL,7,7,150,238,0,6,39.67,9.52,25.0,2/30,2/30,0,0,0,Dwaine Pretorius,South Africa
Test,69,5,78,69,0,0,0.0,5.31,0.0,0/1,0/1,0,0,0,Faf du Plessis ,South Africa
ODI,143,11,192,189,0,2,94.5,5.91,96.0,1/8,1/8,0,0,0,Faf du Plessis ,South Africa
T20,50,2,8,3,0,0,0.0,2.25,0.0,0/0,0/0,0,0,0,Faf du Plessis ,South Africa
IPL,146,1,6,16,0,0,0.0,16.0,0.0,0/16,0/16,0,0,0,Faf du Plessis ,South Africa
Test,20,37,3925,2294,86,57,40.25,3.51,68.86,5/32,8/130,1,2,0,Imran Tahir,South Africa
ODI,107,104,5541,4297,38,173,24.84,4.65,32.03,7/45,7/45,7,3,0,Imran Tahir,South Africa
T20,38,38,845,948,0,63,15.05,6.73,13.41,5/23,5/23,2,2,0,Imran Tahir,South Africa
IPL,59,59,1316,1703,1,82,20.77,7.76,16.05,4/12,4/12,3,0,0,Imran Tahir,South Africa
Test,46,57,2703,1601,48,42,38.12,3.55,64.36,4/47,4/51,2,0,0,Jean-Paul Duminy,South Africa
ODI,199,135,3513,3143,9,69,45.55,5.37,50.91,4/16,4/16,1,0,0,Jean-Paul Duminy,South Africa
T20,81,41,463,599,0,21,28.52,7.76,22.05,3/18,3/18,0,0,0,Jean-Paul Duminy,South Africa
IPL,83,49,678,834,0,23,36.26,7.38,29.48,4/17,4/17,1,0,0,Jean-Paul Duminy,South Africa
Test,70,128,12898,7196,427,327,22.01,3.35,39.44,7/112,13/144,14,16,4,Kagiso Rabada,South Africa
ODI,106,104,5444,4613,63,168,27.46,5.08,32.4,6/16,6/16,6,2,0,Kagiso Rabada,South Africa
T20,65,65,1393,1928,3,71,27.15,8.3,19.62,3/18,3/18,0,0,0,Kagiso Rabada,South Africa
IPL,81,81,1842,2611,2,118,22.13,8.5,15.61,4/21,4/21,6,0,0,Kagiso Rabada,South Africa
Test,19,33,2452,1273,99,55,23.15,3.12,44.58,6/39,8/102,1,3,0,Lungi Ngidi,South Africa
ODI,67,66,3117,3018,29,103,29.3,5.81,30.26,6/58,6/58,4,1,0,Lungi Ngidi,South Africa
T20,43,43,857,1320,0,63,20.95,9.24,13.6,5/39,5/39,2,1,0,Lungi Ngidi,South Africa
IPL,14,14,324,448,2,25,17.92,8.3,12.96,4/10,4/10,1,0,0,Lungi Ngidi,South Africa
Test,54,0,0,0,0,0,0.0,0.0,0.0,-/-,-/-,0,0,0,Quinton de Kock,South Africa
ODI,155,0,0,0,0,0,0.0,0.0,0.0,-/-,-/-,0,0,0,Quinton de Kock,South Africa
T20,92,0,0,0,0,0,0.0,0.0,0.0,-/-,-/-,0,0,0,Quinton de Kock,South Africa
IPL,108,0,0,0,0,0,0.0,0.0,0.0,-/-,-/-,0,0,0,Quinton de Kock,South Africa
Test,18,0,0,0,0,0,0.0,0.0,0.0,-/-,-/-,0,0,0,Rassie van der Dussen,South Africa
ODI,71,1,6,3,0,1,3.0,3.0,6.0,1/3,1/3,0,0,0,Rassie van der Dussen,South Africa
T20,50,0,0,0,0,0,0.0,0.0,0.0,-/-,-/-,0,0,0,Rassie van der Dussen,South Africa
IPL,3,0,0,0,0,0,0.0,0.0,0.0,-/-,-/-,0,0,0,Rassie van der Dussen,South Africa
Test,2,4,483,278,10,6,46.33,3.45,80.5,3/91,4/128,0,0,0,Tabraiz Shamsi,South Africa
ODI,55,52,2697,2510,8,73,34.38,5.58,36.95,5/49,5/49,3,1,0,Tabraiz Shamsi,South Africa
T20,70,70,1509,1859,1,89,20.89,7.39,16.96,5/24,5/24,3,1,0,Tabraiz Shamsi,South Africa
IPL,5,5,120,181,0,3,60.33,9.05,40.0,1/21,1/21,0,0,0,Tabraiz Shamsi,South Africa
Test,28,53,5077,3003,130,70,42.9,3.55,72.53,6/132,7/180,6,1,0,Nuwan Pradeep,Sri Lanka
ODI,49,47,2345,2339,20,63,37.13,5.98,37.22,4/31,4/31,2,0,0,Nuwan Pradeep,Sri Lanka
T20,16,16,278,436,0,15,29.07,9.41,18.53,4/25,4/25,1,0,0,Nuwan Pradeep,Sri Lanka
IPL,0,0,0,0,0,0,0.0,0.0,0.0,-/-,-/-,0,0,0,Nuwan Pradeep,Sri Lanka
Test,44,5,84,51,1,0,0.0,3.64,0.0,0/5,0/5,0,0,0,Lahiru Thirimanne,Sri Lanka
ODI,127,4,104,94,0,3,31.33,5.42,34.67,2/36,2/36,0,0,0,Lahiru Thirimanne,Sri Lanka
T20,26,0,0,0,0,0,0.0,0.0,0.0,-/-,-/-,0,0,0,Lahiru Thirimanne,Sri Lanka
IPL,0,0,0,0,0,0,0.0,0.0,0.0,-/-,-/-,0,0,0,Lahiru Thirimanne,Sri Lanka
Test,100,15,312,202,5,2,101.0,3.88,156.0,1/12,1/12,0,0,0,Dimuth Karunaratne,Sri Lanka
ODI,50,2,16,18,0,0,0.0,6.75,0.0,0/7,0/7,0,0,0,Dimuth Karunaratne,Sri Lanka
T20,0,0,0,0,0,0,0.0,0.0,0.0,-/-,-/-,0,0,0,Dimuth Karunaratne,Sri Lanka
IPL,0,0,0,0,0,0,0.0,0.0,0.0,-/-,-/-,0,0,0,Dimuth Karunaratne,Sri Lanka
Test,0,0,0,0,0,0,0.0,0.0,0.0,-/-,-/-,0,0,0,Avishka Fernando,Sri Lanka
ODI,51,0,0,0,0,0,0.0,0.0,0.0,-/-,-/-,0,0,0,Avishka Fernando,Sri Lanka
T20,37,0,0,0,0,0,0.0,0.0,0.0,-/-,-/-,0,0,0,Avishka Fernando,Sri Lanka
IPL,0,0,0,0,0,0,0.0,0.0,0.0,-/-,-/-,0,0,0,Avishka Fernando,Sri Lanka
Test,118,86,3978,1798,161,33,54.48,2.71,120.55,4/44,4/60,1,0,0,Angelo Mathews,Sri Lanka
ODI,226,163,5324,4110,56,126,32.62,4.63,42.25,6/20,6/20,2,1,0,Angelo Mathews,Sri Lanka
T20,90,72,1169,1389,4,45,30.87,7.13,25.98,3/16,3/16,0,0,0,Angelo Mathews,Sri Lanka
IPL,49,44,791,1079,0,27,39.96,8.18,29.3,4/19,4/19,1,0,0,Angelo Mathews,Sri Lanka
Test,5,9,413,257,6,11,23.36,3.73,37.55,3/25,5/51,0,0,0,Dhananjaya de Silva,Sri Lanka
ODI,27,21,601,547,2,9,60.78,5.46,66.78,2/27,2/27,0,0,0,Dhananjaya de Silva,Sri Lanka
T20,22,13,138,206,0,8,25.75,8.96,17.25,2/17,2/17,0,0,0,Dhananjaya de Silva,Sri Lanka
IPL,0,0,0,0,0,0,0.0,0.0,0.0,-/-,-/-,0,0,0,Dhananjaya de Silva,Sri Lanka
Test,29,53,4054,1615,163,49,32.96,2.39,82.73,6/41,7/64,1,1,0,Milinda Siriwardana,Sri Lanka
ODI,45,45,1548,1230,10,30,41.0,4.77,51.6,3/26,3/26,0,0,0,Milinda Siriwardana,Sri Lanka
T20,41,21,321,461,0,12,38.42,8.62,26.75,2/22,2/22,0,0,0,Milinda Siriwardana,Sri Lanka
IPL,25,19,216,319,0,6,53.17,8.86,36.0,3/4,3/4,0,0,0,Milinda Siriwardana,Sri Lanka
Test,6,8,954,653,20,11,59.36,4.11,86.73,4/63,4/151,1,0,0,Thisara Perera,Sri Lanka
ODI,166,157,5900,5740,28,175,32.8,5.84,33.71,6/44,6/44,5,4,0,Thisara Perera,Sri Lanka
T20,84,67,1102,1717,1,51,33.67,9.35,21.61,3/24,3/24,0,0,0,Thisara Perera,Sri Lanka
IPL,37,36,698,1016,0,31,32.77,8.73,22.52,3/20,3/20,0,0,0,Thisara Perera,Sri Lanka
Test,0,0,0,0,0,0,0.0,0.0,0.0,-/-,-/-,0,0,0,Isuru Udana,Sri Lanka
ODI,21,21,909,950,2,18,52.78,6.27,50.5,3/82,3/82,0,0,0,Isuru Udana,Sri Lanka
T20,35,32,631,915,1,27,33.89,8.7,23.37,3/11,3/11,0,0,0,Isuru Udana,Sri Lanka
IPL,10,10,174,282,0,8,35.25,9.72,21.75,2/41,2/41,0,0,0,Isuru Udana,Sri Lanka
Test,0,0,0,0,0,0,0.0,0.0,0.0,-/-,-/-,0,0,0,Jeevan Mendis,Sri Lanka
ODI,58,49,1404,1204,2,28,43.0,5.15,50.14,3/15,3/15,0,0,0,Jeevan Mendis,Sri Lanka
T20,22,14,210,249,0,12,20.75,7.11,17.5,3/24,3/24,0,0,0,Jeevan Mendis,Sri Lanka
IPL,3,2,30,36,0,1,36.0,7.2,30.0,1/16,1/16,0,0,0,Jeevan Mendis,Sri Lanka
Test,22,0,0,0,0,0,0.0,0.0,0.0,-/-,-/-,0,0,0,Kusal Perera,Sri Lanka
ODI,116,0,0,0,0,0,0.0,0.0,0.0,-/-,-/-,0,0,0,Kusal Perera,Sri Lanka
T20,77,0,0,0,0,0,0.0,0.0,0.0,-/-,-/-,0,0,0,Kusal Perera,Sri Lanka
IPL,2,0,0,0,0,0,0.0,0.0,0.0,-/-,-/-,0,0,0,Kusal Perera,Sri Lanka
Test,71,9,132,118,1,1,118.0,5.36,132.0,1/10,1/18,0,0,0,Kusal Mendis,Sri Lanka
ODI,143,2,20,28,0,0,0.0,8.4,0.0,0/13,0/13,0,0,0,Kusal Mendis,Sri Lanka
T20,78,0,0,0,0,0,0.0,0.0,0.0,-/-,-/-,0,0,0,Kusal Mendis,Sri Lanka
IPL,0,0,0,0,0,0,0.0,0.0,0.0,-/-,-/-,0,0,0,Kusal Mendis,Sri Lanka
Test,107,203,23490,11832,888,391,30.26,3.02,60.08,7/64,10/108,19,15,1,Suranga Lakmal,Sri Lanka
ODI,161,159,8075,7447,80,221,33.7,5.53,36.54,7/33,7/33,5,3,0,Suranga Lakmal,Sri Lanka
T20,125,123,2753,3671,7,164,22.38,8.0,16.79,5/18,5/18,2,2,0,Suranga Lakmal,Sri Lanka
IPL,54,54,1206,1742,2,47,37.06,8.67,25.66,3/20,3/20,0,0,0,Suranga Lakmal,Sri Lanka
Test,30,59,5209,3349,112,101,33.16,3.86,51.57,5/50,9/210,7,3,0,Lasith Malinga,Sri Lanka
ODI,226,220,10936,9759,103,338,28.87,5.35,32.36,6/38,6/38,11,8,0,Lasith Malinga,Sri Lanka
T20,84,83,1799,2225,1,107,20.79,7.42,16.81,5/6,5/6,1,2,0,Lasith Malinga,Sri Lanka
IPL,122,122,2827,3365,8,170,19.79,7.14,16.63,5/13,5/13,6,1,0,Lasith Malinga,Sri Lanka
Test,2,2,288,250,0,5,50.0,5.21,57.6,3/182,3/182,0,0,0,Jeffrey Vandersay,Sri Lanka
ODI,27,26,1185,1065,6,40,26.63,5.39,29.63,6/33,6/33,1,1,0,Jeffrey Vandersay,Sri Lanka
T20,14,14,296,395,1,7,56.43,8.01,42.29,2/26,2/26,0,0,0,Jeffrey Vandersay,Sri Lanka
IPL,0,0,0,0,0,0,0.0,0.0,0.0,-/-,-/-,0,0,0,Jeffrey Vandersay,Sri Lanka
Test,51,89,12069,6381,299,190,33.58,3.17,63.52,Jul-58,12/117,9,10,2,Mehidy Hasan Miraz,Bangladesh
ODI,105,102,5037,4061,35,110,36.92,4.84,45.79,Apr-25,Apr-25,5,0,0,Mehidy Hasan Miraz,Bangladesh
T20,29,26,378,539,0,14,38.5,8.56,27.0,04-Dec,04-Dec,1,0,0,Mehidy Hasan Miraz,Bangladesh
IPL,0,0,0,0,0,0,0.0,0.0,0.0,-/-,-/-,0,0,0,Mehidy Hasan Miraz,Bangladesh
Test,0,0,0,0,0,0,0.0,0.0,0.0,-/-,-/-,0,0,0,Mohammad Saifuddin,Bangladesh
ODI,29,28,1283,1279,7,41,31.2,5.98,31.29,Apr-41,Apr-41,1,0,0,Mohammad Saifuddin,Bangladesh
T20,38,38,797,1158,0,42,27.57,8.72,18.98,Apr-33,Apr-33,1,0,0,Mohammad Saifuddin,Bangladesh
IPL,0,0,0,0,0,0,0.0,0.0,0.0,-/-,-/-,0,0,0,Mohammad Saifuddin,Bangladesh
Test,4,6,162,87,2,0,0.0,3.22,0.0,0/1,0/4,0,0,0,Mosaddek Hossain,Bangladesh
ODI,43,41,1130,969,2,17,57.0,5.15,66.47,Mar-13,Mar-13,0,0,0,Mosaddek Hossain,Bangladesh
T20,33,26,331,398,1,18,22.11,7.21,18.39,May-20,May-20,0,1,0,Mosaddek Hossain,Bangladesh
IPL,0,0,0,0,0,0,0.0,0.0,0.0,-/-,-/-,0,0,0,Mosaddek Hossain,Bangladesh
Test,71,121,15675,7803,487,246,31.72,2.99,63.72,Jul-36,10/124,11,19,2,Shakib Al Hasan,Bangladesh
ODI,247,241,12575,9360,102,317,29.53,4.47,39.67,May-29,May-29,10,4,0,Shakib Al Hasan,Bangladesh
T20,129,126,2745,3116,3,149,20.91,6.81,18.42,May-20,May-20,6,2,0,Shakib Al Hasan,Bangladesh
IPL,71,70,1484,1839,1,63,29.19,7.44,23.56,Mar-17,Mar-17,0,0,0,Shakib Al Hasan,Bangladesh
Test,50,66,3423,1958,56,43,45.53,3.43,79.6,May-51,8/110,0,1,0,Mahmudullah,Bangladesh
ODI,239,153,4380,3810,14,82,46.46,5.22,53.41,03-Apr,03-Apr,0,0,0,Mahmudullah,Bangladesh
T20,141,80,950,1135,2,41,27.68,7.17,23.17,03-Oct,03-Oct,0,0,0,Mahmudullah,Bangladesh
IPL,0,0,0,0,0,0,0.0,0.0,0.0,-/-,-/-,0,0,0,Mahmudullah,Bangladesh
Test,11,7,144,98,1,0,0.0,4.08,0.0,0/9,0/9,0,0,0,Sabbir Rahman,Bangladesh
ODI,66,21,306,345,0,3,115.0,6.76,102.0,01-Dec,01-Dec,0,0,0,Sabbir Rahman,Bangladesh
T20,48,9,73,79,0,6,13.17,6.49,12.17,03-Nov,03-Nov,0,0,0,Sabbir Rahman,Bangladesh
IPL,0,0,0,0,0,0,0.0,0.0,0.0,-/-,-/-,0,0,0,Sabbir Rahman,Bangladesh
Test,13,18,1964,1118,64,30,37.27,3.42,65.47,Apr-71,6/130,3,0,0,Abu Jayed,Bangladesh
ODI,2,2,108,114,0,5,22.8,6.33,21.6,May-58,May-58,0,1,0,Abu Jayed,Bangladesh
T20,3,3,66,106,0,4,26.5,9.64,16.5,Feb-27,Feb-27,0,0,0,Abu Jayed,Bangladesh
IPL,0,0,0,0,0,0,0.0,0.0,0.0,-/-,-/-,0,0,0,Abu Jayed,Bangladesh
Test,15,25,2145,1139,76,31,36.74,3.19,69.19,Apr-37,May-66,2,0,0,Mustafizur Rahman,Bangladesh
ODI,109,108,5279,4556,35,174,26.18,5.18,30.34,Jun-43,Jun-43,6,5,0,Mustafizur Rahman,Bangladesh
T20,106,105,2278,2854,8,132,21.62,7.52,17.26,06-Oct,06-Oct,3,2,0,Mustafizur Rahman,Bangladesh
IPL,57,57,1298,1762,2,61,28.89,8.14,21.28,Apr-29,Apr-29,1,0,0,Mustafizur Rahman,Bangladesh
Test,27,44,4223,2764,73,36,76.78,3.93,117.31,5/166,5/210,0,1,0,Rubel Hossain,Bangladesh
ODI,104,102,4678,4427,29,129,34.32,5.68,36.26,Jun-26,Jun-26,7,1,0,Rubel Hossain,Bangladesh
T20,28,27,579,912,0,28,32.57,9.45,20.68,Mar-31,Mar-31,0,0,0,Rubel Hossain,Bangladesh
IPL,0,0,0,0,0,0,0.0,0.0,0.0,-/-,-/-,0,0,0,Rubel Hossain,Bangladesh
Test,36,51,5990,3239,202,78,41.53,3.24,76.79,Apr-60,May-88,4,0,0,Mashrafe Mortaza,Bangladesh
ODI,220,220,10928,8897,123,270,32.95,4.88,40.47,Jun-26,Jun-26,7,1,0,Mashrafe Mortaza,Bangladesh
T20,54,53,1139,1528,1,42,36.38,8.05,27.12,Apr-19,Apr-19,1,0,0,Mashrafe Mortaza,Bangladesh
IPL,1,1,24,58,0,0,0.0,14.5,0.0,0/58,0/58,0,0,0,Mashrafe Mortaza,Bangladesh
Test,70,5,30,20,0,0,0.0,4.0,0.0,0/1,0/1,0,0,0,Tamim Iqbal,Bangladesh
ODI,243,2,6,13,0,0,0.0,13.0,0.0,0/6,0/6,0,0,0,Tamim Iqbal,Bangladesh
T20,78,0,0,0,0,0,0.0,0.0,0.0,-/-,-/-,0,0,0,Tamim Iqbal,Bangladesh
IPL,0,0,0,0,0,0,0.0,0.0,0.0,-/-,-/-,0,0,0,Tamim Iqbal,Bangladesh
Test,10,0,0,0,0,0,0.0,0.0,0.0,-/-,-/-,0,0,0,Mohammad Mithun,Bangladesh
ODI,34,1,12,12,0,0,0.0,6.0,0.0,0/12,0/12,0,0,0,Mohammad Mithun,Bangladesh
T20,17,0,0,0,0,0,0.0,0.0,0.0,-/-,-/-,0,0,0,Mohammad Mithun,Bangladesh
IPL,0,0,0,0,0,0,0.0,0.0,0.0,-/-,-/-,0,0,0,Mohammad Mithun,Bangladesh
Test,48,1,12,13,0,0,0.0,6.5,0.0,0/13,0/13,0,0,0,Litton Das,Bangladesh
ODI,94,0,0,0,0,0,0.0,0.0,0.0,-/-,-/-,0,0,0,Litton Das,Bangladesh
T20,95,0,0,0,0,0,0.0,0.0,0.0,-/-,-/-,0,0,0,Litton Das,Bangladesh
IPL,1,0,0,0,0,0,0.0,0.0,0.0,-/-,-/-,0,0,0,Litton Das,Bangladesh
Test,94,0,0,0,0,0,0.0,0.0,0.0,-/-,-/-,0,0,0,Mushfiqur Rahim,Bangladesh
ODI,274,0,0,0,0,0,0.0,0.0,0.0,-/-,-/-,0,0,0,Mushfiqur Rahim,Bangladesh
T20,102,0,0,0,0,0,0.0,0.0,0.0,-/-,-/-,0,0,0,Mushfiqur Rahim,Bangladesh
IPL,0,0,0,0,0,0,0.0,0.0,0.0,-/-,-/-,0,0,0,Mushfiqur Rahim,Bangladesh
Test,16,12,508,336,3,4,84.0,3.97,127.0,Feb-68,Feb-68,0,0,0,Soumya Sarkar,Bangladesh
ODI,76,27,558,567,1,16,35.44,6.1,34.88,Mar-18,Mar-18,0,0,0,Soumya Sarkar,Bangladesh
T20,87,28,288,451,0,12,37.58,9.4,24.0,Feb-19,Feb-19,0,0,0,Soumya Sarkar,Bangladesh
IPL,0,0,0,0,0,0,0.0,0.0,0.0,-/-,-/-,0,0,0,Soumya Sarkar,Bangladesh
Test,5,1,12,8,0,0,0.0,4.0,0.0,0/8,0/8,0,0,0,Aaron Finch,Australia
ODI,146,21,284,259,0,4,64.75,5.47,71.0,1/2,1/2,0,0,0,Aaron Finch,Australia
T20,103,2,12,27,0,0,0.0,13.5,0.0,0/9,0/9,0,0,0,Aaron Finch,Australia
IPL,92,5,43,67,0,1,67.0,9.35,43.0,1/11,1/11,0,0,0,Aaron Finch,Australia
Test,0,0,0,0,0,0,0.0,0.0,0.0,-/-,-/-,0,0,0,Adam Zampa,Australia
ODI,111,111,5777,5343,15,187,28.57,5.55,30.89,5/35,5/35,11,1,0,Adam Zampa,Australia
T20,95,94,2057,2458,1,117,21.01,7.17,17.58,5/19,5/19,2,1,0,Adam Zampa,Australia
IPL,21,21,443,606,0,30,20.2,8.21,14.77,6/19,6/19,0,1,0,Adam Zampa,Australia
Test,39,0,0,0,0,0,0.0,0.0,0.0,-/-,-/-,0,0,0,Alex Carey,Australia
ODI,80,0,0,0,0,0,0.0,0.0,0.0,-/-,-/-,0,0,0,Alex Carey,Australia
T20,38,0,0,0,0,0,0.0,0.0,0.0,-/-,-/-,0,0,0,Alex Carey,Australia
IPL,3,0,0,0,0,0,0.0,0.0,0.0,-/-,-/-,0,0,0,Alex Carey,Australia
Test,0,0,0,0,0,0,0.0,0.0,0.0,-/-,-/-,0,0,0,Andrew Tye,Australia
ODI,7,7,387,392,1,12,32.67,6.08,32.25,5/46,5/46,0,1,0,Andrew Tye,Australia
T20,32,31,683,997,1,47,21.21,8.76,14.53,4/23,4/23,1,0,0,Andrew Tye,Australia
IPL,30,30,684,979,0,42,23.31,8.59,16.29,5/17,5/17,3,1,0,Andrew Tye,Australia
Test,5,10,1006,468,36,9,52.0,2.79,111.78,3/46,5/101,0,0,0,Ashton Agar,Australia
ODI,22,22,1098,958,4,21,45.62,5.23,52.29,2/31,2/31,0,0,0,Ashton Agar,Australia
T20,49,49,1042,1129,2,49,23.04,6.5,21.27,6/30,6/30,0,2,0,Ashton Agar,Australia
IPL,0,0,0,0,0,0,0.0,0.0,0.0,-/-,-/-,0,0,0,Ashton Agar,Australia
Test,28,44,2190,1236,63,35,35.31,3.39,62.57,5/27,5/27,0,1,0,Cameron Green,Australia
ODI,28,25,814,784,0,20,39.2,5.78,40.7,5/33,5/33,0,1,0,Cameron Green,Australia
T20,13,12,188,279,0,12,23.25,8.9,15.67,3/35,3/35,0,0,0,Cameron Green,Australia
IPL,29,29,439,664,0,16,41.5,9.08,27.44,2/12,2/12,0,0,0,Cameron Green,Australia
Test,0,0,0,0,0,0,0.0,0.0,0.0,-/-,-/-,0,0,0,Daniel Sams,Australia
ODI,0,0,0,0,0,0,0.0,0.0,0.0,-/-,-/-,0,0,0,Daniel Sams,Australia
T20,10,10,180,305,0,7,43.57,10.17,25.71,2/33,2/33,0,0,0,Daniel Sams,Australia
IPL,16,16,360,523,0,14,37.36,8.72,25.71,4/30,4/30,1,0,0,Daniel Sams,Australia
Test,112,19,342,269,1,4,67.25,4.72,85.5,2/45,2/45,0,0,0,David Warner,Australia
ODI,161,1,6,8,0,0,0.0,8.0,0.0,0/8,0/8,0,0,0,David Warner,Australia
T20,110,0,0,0,0,0,0.0,0.0,0.0,-/-,-/-,0,0,0,David Warner,Australia
IPL,184,1,1,2,0,0,0.0,0.0,0.0,0/2,0/2,0,0,0,David Warner,Australia
Test,7,9,462,341,4,8,42.63,4.43,57.75,4/127,4/127,1,0,0,Glenn Maxwell,Australia
ODI,149,119,4002,3644,14,77,47.32,5.46,51.97,4/40,4/40,4,0,0,Glenn Maxwell,Australia
T20,116,76,985,1321,0,43,30.72,8.05,22.91,3/10,3/10,0,0,0,Glenn Maxwell,Australia
IPL,135,80,956,1329,1,38,34.97,8.34,25.16,2/15,2/15,0,0,0,Glenn Maxwell,Australia
Test,21,38,3963,2133,142,81,26.33,3.23,48.93,5/27,8/105,4,4,0,James Pattinson,Australia
ODI,15,15,727,681,6,16,42.56,5.62,45.44,4/51,4/51,1,0,0,James Pattinson,Australia
T20,4,4,78,104,0,3,34.67,8.0,26.0,2/17,2/17,0,0,0,James Pattinson,Australia
IPL,10,10,213,320,0,11,29.09,9.01,19.36,2/19,2/19,0,0,0,James Pattinson,Australia
Test,23,0,0,0,0,0,0.0,0.0,0.0,-/-,-/-,0,0,0,Joe Burns,Australia
ODI,6,0,0,0,0,0,0.0,0.0,0.0,-/-,-/-,0,0,0,Joe Burns,Australia
T20,5,0,0,0,0,0,0.0,0.0,0.0,-/-,-/-,0,0,0,Joe Burns,Australia
IPL,0,0,0,0,0,0,0.0,0.0,0.0,-/-,-/-,0,0,0,Joe Burns,Australia
Test,72,135,14817,6857,634,279,24.58,2.78,53.11,6/67,9/79,11,12,0,Josh Hazlewood,Australia
ODI,91,90,4737,3763,59,138,27.27,4.77,34.33,6/52,6/52,1,3,0,Josh Hazlewood,Australia
T20,52,52,1186,1481,7,67,22.1,7.49,17.7,4/12,4/12,4,0,0,Josh Hazlewood,Australia
IPL,28,28,627,832,1,37,22.49,7.96,16.95,4/25,4/25,1,0,0,Josh Hazlewood,Australia
Test,0,0,0,0,0,0,0.0,0.0,0.0,-/-,-/-,0,0,0,Marcus Stoinis,Australia
ODI,71,64,2071,2070,5,48,43.13,6.0,43.15,3/16,3/16,0,0,0,Marcus Stoinis,Australia
T20,74,48,750,1091,0,45,24.24,8.73,16.67,4/23,4/23,1,0,0,Marcus Stoinis,Australia
IPL,97,63,815,1305,0,43,30.35,9.61,18.95,4/15,4/15,1,0,0,Marcus Stoinis,Australia
Test,57,46,1268,795,20,13,61.15,3.76,97.54,3/45,5/119,0,0,0,Marnus Labuschagne,Australia
ODI,63,14,281,325,1,8,40.63,6.94,35.13,3/39,3/39,0,0,0,Marnus Labuschagne,Australia
T20,1,0,0,0,0,0,0.0,0.0,0.0,-/-,-/-,0,0,0,Marnus Labuschagne,Australia
IPL,0,0,0,0,0,0,0.0,0.0,0.0,-/-,-/-,0,0,0,Marnus Labuschagne,Australia
Test,36,4,30,28,1,0,0.0,5.6,0.0,0/0,0/0,0,0,0,Matthew Wade,Australia
ODI,97,0,0,0,0,0,0.0,0.0,0.0,-/-,-/-,0,0,0,Matthew Wade,Australia
T20,92,0,0,0,0,0,0.0,0.0,0.0,-/-,-/-,0,0,0,Matthew Wade,Australia
IPL,15,0,0,0,0,0,0.0,0.0,0.0,-/-,-/-,0,0,0,Matthew Wade,Australia
Test,2,4,281,117,11,7,16.71,2.5,40.14,3/22,5/56,0,0,0,Michael Neser,Australia
ODI,4,4,220,239,2,3,79.67,6.52,73.33,2/46,2/46,0,0,0,Michael Neser,Australia
T20,0,0,0,0,0,0,0.0,0.0,0.0,-/-,-/-,0,0,0,Michael Neser,Australia
IPL,1,1,24,62,0,0,0.0,15.5,0.0,0/62,0/62,0,0,0,Michael Neser,Australia
Test,96,184,18535,10534,591,382,27.58,3.41,48.52,6/48,11/94,20,15,2,Mitchell Starc,Australia
ODI,127,127,6512,5712,55,244,23.41,5.26,26.69,6/28,6/28,12,9,0,Mitchell Starc,Australia
T20,65,65,1458,1881,2,79,23.81,7.74,18.46,4/20,4/20,1,0,0,Mitchell Starc,Australia
IPL,41,40,855,1179,1,54,21.83,8.27,15.83,4/15,4/15,2,0,0,Mitchell Starc,Australia
Test,4,7,892,458,14,10,45.8,3.08,89.2,3/55,5/89,0,0,0,Mitchell Swepson,Australia
ODI,3,3,158,161,0,3,53.67,6.11,52.67,2/53,2/53,0,0,0,Mitchell Swepson,Australia
T20,8,8,150,204,0,11,18.55,8.16,13.64,3/12,3/12,0,0,0,Mitchell Swepson,Australia
IPL,0,0,0,0,0,0,0.0,0.0,0.0,-/-,-/-,0,0,0,Mitchell Swepson,Australia
Test,4,4,330,164,12,2,82.0,2.98,165.0,1/48,1/48,0,0,0,Moises Henriques,Australia
ODI,16,12,402,347,1,8,43.38,5.18,50.25,3/32,3/32,0,0,0,Moises Henriques,Australia
T20,24,10,138,194,0,7,27.71,8.43,19.71,3/22,3/22,0,0,0,Moises Henriques,Australia
IPL,62,60,950,1289,0,42,30.69,8.14,22.62,3/12,3/12,0,0,0,Moises Henriques,Australia
Test,136,253,34103,16699,1078,553,30.2,2.94,61.67,8/50,13/154,26,24,5,Nathan Lyon,Australia
ODI,29,29,1626,1334,11,29,46.0,4.92,56.07,4/44,4/44,1,0,0,Nathan Lyon,Australia
T20,2,2,30,48,0,1,48.0,9.6,30.0,1/33,1/33,0,0,0,Nathan Lyon,Australia
IPL,0,0,0,0,0,0,0.0,0.0,0.0,-/-,-/-,0,0,0,Nathan Lyon,Australia
Test,67,125,13616,6597,496,294,22.44,2.91,46.31,6/23,10/62,17,13,2,Pat Cummins,Australia
ODI,90,90,4683,4116,46,143,28.78,5.27,32.75,5/70,5/70,6,1,0,Pat Cummins,Australia
T20,57,57,1254,1556,4,66,23.58,7.44,19.0,3/15,3/15,0,0,0,Pat Cummins,Australia
IPL,59,59,1343,1983,2,63,31.48,8.86,21.32,4/34,4/34,1,0,0,Pat Cummins,Australia
Test,0,0,0,0,0,0,0.0,0.0,0.0,-/-,-/-,0,0,0,Sean Abbott,Australia
ODI,28,28,1307,1244,9,33,37.7,5.71,39.61,3/23,3/23,0,0,0,Sean Abbott,Australia
T20,20,20,367,545,1,26,20.96,8.91,14.12,4/31,4/31,1,0,0,Sean Abbott,Australia
IPL,3,3,54,104,0,1,104.0,11.56,54.0,1/47,1/47,0,0,0,Sean Abbott,Australia
Test,116,62,1470,1008,28,19,53.05,4.11,77.37,3/18,4/83,0,0,0,Steven Smith,Australia
ODI,170,40,1076,971,1,28,34.68,5.41,38.43,3/16,3/16,0,0,0,Steven Smith,Australia
T20,67,17,291,378,1,17,22.24,7.79,17.12,3/20,3/20,0,0,0,Steven Smith,Australia
IPL,103,1,2,5,0,0,0.0,0.0,0.0,0/5,0/5,0,0,0,Steven Smith,Australia
Test,35,0,0,0,0,0,0.0,0.0,0.0,-/-,-/-,0,0,0,Tim Paine,Australia
ODI,35,0,0,0,0,0,0.0,0.0,0.0,-/-,-/-,0,0,0,Tim Paine,Australia
T20,12,0,0,0,0,0,0.0,0.0,0.0,-/-,-/-,0,0,0,Tim Paine,Australia
IPL,2,0,0,0,0,0,0.0,0.0,0.0,-/-,-/-,0,0,0,Tim Paine,Australia
Test,56,37,855,515,11,15,34.33,3.61,57.0,4/10,4/10,1,0,0,Travis Head,Australia
ODI,73,40,1125,1067,0,24,44.46,5.69,46.88,4/28,4/28,1,0,0,Travis Head,Australia
T20,38,4,36,56,0,1,56.0,9.33,36.0,1/16,1/16,0,0,0,Travis Head,Australia
IPL,26,6,58,113,0,2,56.5,11.69,29.0,2/30,2/30,0,0,0,Travis Head,Australia
Test,1,0,0,0,0,0,0.0,0.0,0.0,-/-,-/-,0,0,0,Will Pucovski,Australia
ODI,0,0,0,0,0,0,0.0,0.0,0.0,-/-,-/-,0,0,0,Will Pucovski,Australia
T20,0,0,0,0,0,0,0.0,0.0,0.0,-/-,-/-,0,0,0,Will Pucovski,Australia
IPL,0,0,0,0,0,0,0.0,0.0,0.0,-/-,-/-,0,0,0,Will Pucovski,Australia
Test,27,49,5018,2864,118,83,34.51,3.42,60.46,May-63,7/134,3,2,0,wahab-riaz,Pakistan
ODI,91,90,4327,4117,20,120,34.31,5.71,36.06,May-46,May-46,5,1,0,wahab-riaz,Pakistan
T20,36,35,710,971,2,34,28.56,8.21,20.88,Mar-18,Mar-18,0,0,0,wahab-riaz,Pakistan
IPL,0,0,0,0,0,0,0.0,0.0,0.0,-/-,-/-,0,0,0,wahab-riaz,Pakistan
Test,31,53,6162,3235,206,116,27.89,3.15,53.12,Jun-51,Oct-94,12,4,1,shaheen-afridi,Pakistan
ODI,64,63,3288,3095,28,127,24.37,5.65,25.89,Jun-35,Jun-35,7,3,0,shaheen-afridi,Pakistan
T20,79,79,1714,2257,3,102,22.13,7.9,16.8,Apr-22,Apr-22,2,0,0,shaheen-afridi,Pakistan
IPL,0,0,0,0,0,0,0.0,0.0,0.0,-/-,-/-,0,0,0,shaheen-afridi,Pakistan
Test,24,46,4295,2185,164,80,27.31,3.05,53.69,May-27,10/114,2,6,1,hasan-ali,Pakistan
ODI,66,64,3188,3084,16,100,30.84,5.8,31.88,May-34,May-34,2,4,0,hasan-ali,Pakistan
T20,51,50,1033,1456,5,60,24.27,8.46,17.22,Apr-18,Apr-18,1,0,0,hasan-ali,Pakistan
IPL,0,0,0,0,0,0,0.0,0.0,0.0,-/-,-/-,0,0,0,hasan-ali,Pakistan
Test,0,0,0,0,0,0,0.0,0.0,0.0,-/-,-/-,0,0,0,mohammad-hasnain,Pakistan
ODI,15,15,718,755,6,17,44.41,6.31,42.24,May-26,May-26,0,1,0,mohammad-hasnain,Pakistan
T20,28,27,618,877,0,25,35.08,8.51,24.72,Mar-37,Mar-37,0,0,0,mohammad-hasnain,Pakistan
IPL,0,0,0,0,0,0,0.0,0.0,0.0,-/-,-/-,0,0,0,mohammad-hasnain,Pakistan
Test,36,67,7619,3627,291,119,30.48,2.86,64.03,Jun-44,Jul-64,6,4,0,mohammad-amir,Pakistan
ODI,61,60,3013,2400,34,81,29.63,4.78,37.2,May-30,May-30,1,1,0,mohammad-amir,Pakistan
T20,62,61,1321,1558,6,71,21.94,7.08,18.61,Apr-13,Apr-13,1,0,0,mohammad-amir,Pakistan
IPL,0,0,0,0,0,0,0.0,0.0,0.0,-/-,-/-,0,0,0,mohammad-amir,Pakistan
Test,2,2,276,196,4,2,98.0,4.26,138.0,1/72,1/72,0,0,0,Sheldon Cottrell,West Indies
ODI,38,36,1722,1685,11,52,32.4,5.87,33.12,5/46,5/46,2,1,0,Sheldon Cottrell,West Indies
T20,45,44,918,1244,4,52,23.92,8.13,17.65,4/28,4/28,1,0,0,Sheldon Cottrell,West Indies
IPL,6,6,120,176,1,6,29.33,8.8,20.0,2/17,2/17,0,0,0,Sheldon Cottrell,West Indies
Test,59,104,9379,5348,267,166,32.22,3.42,56.5,8/62,13/121,5,6,1,Shannon Gabriel,West Indies
ODI,25,25,1148,1134,6,33,34.36,5.93,34.79,3/17,3/17,0,0,0,Shannon Gabriel,West Indies
T20,2,2,42,56,0,3,18.67,8.0,14.0,3/44,3/44,0,0,0,Shannon Gabriel,West Indies
IPL,0,0,0,0,0,0,0.0,0.0,0.0,-/-,-/-,0,0,0,Shannon Gabriel,West Indies
Test,85,154,14944,7729,539,284,27.21,3.1,52.62,6/48,10/146,14,11,1,Kemar Roach,West Indies
ODI,95,93,4579,3887,53,125,31.1,5.09,36.63,6/27,6/27,3,3,0,Kemar Roach,West Indies
T20,11,11,234,284,1,10,28.4,7.28,23.4,2/25,2/25,0,0,0,Kemar Roach,West Indies
IPL,2,2,48,80,0,0,0.0,10.0,0.0,0/32,0/32,0,0,0,Kemar Roach,West Indies
Test,0,0,0,0,0,0,0.0,0.0,0.0,-/-,-/-,0,0,0,Ashley Nurse,West Indies
ODI,54,49,2384,2125,6,49,43.37,5.35,48.65,4/51,4/51,2,0,0,Ashley Nurse,West Indies
T20,13,13,240,317,0,8,39.63,7.93,30.0,2/6,2/6,0,0,0,Ashley Nurse,West Indies
IPL,0,0,0,0,0,0,0.0,0.0,0.0,-/-,-/-,0,0,0,Ashley Nurse,West Indies
Test,0,0,0,0,0,0,0.0,0.0,0.0,-/-,-/-,0,0,0,Oshane Thomas,West Indies
ODI,25,24,920,1034,1,31,33.35,6.74,29.68,5/21,5/21,1,1,0,Oshane Thomas,West Indies
T20,21,20,408,638,1,21,30.38,9.38,19.43,5/28,5/28,0,1,0,Oshane Thomas,West Indies
IPL,4,4,60,79,0,5,15.8,7.9,12.0,2/6,2/6,0,0,0,Oshane Thomas,West Indies
